Chunk,ComparedBits,Errors,BER,Level0Rms_V,Level1Rms_V,ThresholdRms_V,PrbsOffset,RunnerUpErrors,SampleRate_Hz
1,7608,0,0,0.779524799176061,1.54960533227248,1.16456506572427,580,422,2500000.00001485
2,7612,0,0,0.782111016917428,1.55879292754206,1.17045197222974,940,422,2500000.00001485
3,7612,0,0,0.782802227142787,1.55260381388235,1.16770302051257,460,422,2500000.00001485
4,7612,0,0,0.782557782235634,1.5494775108219,1.16601764652877,20,422,2500000.00001485
5,7608,0,0,0.784005613290785,1.54455961185316,1.16428261257197,156,422,2500000.00001485
6,7608,0,0,0.785806447493832,1.54912942075395,1.16746793412389,1008,422,2500000.00001485
7,7612,0,0,0.780989097398571,1.5549877236165,1.16798841050754,432,422,2500000.00001485
8,7608,0,0,0.783361587125744,1.55844825470981,1.17090492091778,184,422,2500000.00001485
9,7612,0,0,0.778565349341061,1.55308114485127,1.16582324709616,1004,422,2500000.00001485
10,7608,0,0,0.780554035334666,1.54752228848229,1.16403816190848,248,422,2500000.00001485
11,7612,0,0,0.782196878888768,1.54743434811505,1.16481561350191,224,422,2500000.00001485
12,7608,0,0,0.780753752157105,1.54843451445255,1.16459413330483,640,422,2500000.00001485
13,7612,0,0,0.780561968347479,1.5483130268935,1.16443749762049,40,422,2500000.00001485
14,7612,0,0,0.782715136377161,1.55156236460603,1.16713875049159,336,422,2500000.00001485
15,7612,0,0,0.779353742413995,1.54964611136939,1.16449992689169,276,422,2500000.00001485
16,7608,0,0,0.781424659463537,1.55232006106186,1.1668723602627,0,422,2500000.00001485
17,7608,0,0,0.783489932988635,1.54441081802864,1.16395037550864,312,422,2500000.00001485
18,7608,0,0,0.780635321889854,1.54602132529986,1.16332832359486,1012,422,2500000.00001485
19,7608,0,0,0.78340309026611,1.54813044997127,1.16576677011869,500,422,2500000.00001485
20,7612,0,0,0.782887672921032,1.55719378751306,1.17004073021705,508,422,2500000.00001485
21,7612,0,0,0.780907368895001,1.55172229827104,1.16631483358302,1004,422,2500000.00001485
22,7612,0,0,0.786235586719856,1.5486342616342,1.16743492417703,724,422,2500000.00001485
23,7608,0,0,0.782110543009571,1.54969553591431,1.16590303946194,192,422,2500000.00001485
24,7608,0,0,0.781892487893389,1.55186664787572,1.16687956788455,252,422,2500000.00001485
25,7608,0,0,0.784258122993483,1.54280951495205,1.16353381897277,52,422,2500000.00001485
26,7608,0,0,0.781998376028792,1.5479091366091,1.16495375631894,392,422,2500000.00001485
27,7612,0,0,0.781941531745472,1.55697846878298,1.16946000026423,204,422,2500000.00001485
28,7608,0,0,0.783118973791159,1.55298736602074,1.16805316990595,992,422,2500000.00001485
29,7608,0,0,0.784691232668935,1.54804247651971,1.16636685459432,80,422,2500000.00001485
30,7612,0,0,0.783042680389967,1.55323318244549,1.16813793141773,956,422,2500000.00001485
31,7608,0,0,0.78486246382988,1.55099856778996,1.16793051580992,656,422,2500000.00001485
32,7612,0,0,0.782630163787122,1.55368698239887,1.168158573093,240,422,2500000.00001485
33,7608,0,0,0.78152755019092,1.5478137883462,1.16467066926856,680,422,2500000.00001485
34,7608,0,0,0.783742771748941,1.55445648430822,1.16909962802858,200,422,2500000.00001485
35,7612,0,0,0.779008054332045,1.55134585811402,1.16517695622303,756,422,2500000.00001485
36,7608,0,0,0.781424355364888,1.55611324033673,1.16876879785081,816,422,2500000.00001485
37,7608,0,0,0.776757331835975,1.55662877808156,1.16669305495877,200,422,2500000.00001485
38,7612,0,0,0.77866203989901,1.54916950609411,1.16391577299656,728,422,2500000.00001485
39,7608,0,0,0.781941531745472,1.54084724109413,1.1613943864198,484,422,2500000.00001485
40,7608,0,0,0.782716157640514,1.54588990924064,1.16430303344058,672,422,2500000.00001485
41,7608,0,0,0.783661977239524,1.54789937995495,1.16578067859724,144,422,2500000.00001485
42,7612,0,0,0.782020433363542,1.55617523665207,1.1690978350078,12,422,2500000.00001485
43,7608,0,0,0.780110803950765,1.55322539822499,1.16666810108788,320,422,2500000.00001485
44,7608,0,0,0.782258214941903,1.55275732891175,1.16750777192683,768,422,2500000.00001485
45,7608,0,0,0.781596988202971,1.55724661879188,1.16942180349743,752,422,2500000.00001485
46,7608,0,0,0.781765558630427,1.55164957081876,1.16670756472459,232,422,2500000.00001485
47,7608,0,0,0.783661807644994,1.556919646708,1.1702907271765,156,422,2500000.00001485
48,7612,0,0,0.780907140367481,1.54908666697487,1.16499690367117,380,422,2500000.00001485
49,7612,0,0,0.783144711068229,1.55177916032347,1.16746193569585,536,422,2500000.00001485
50,7612,0,0,0.786296375825569,1.55142333285546,1.16885985434051,352,422,2500000.00001485
51,7612,0,0,0.780730676345901,1.54694909896987,1.16383988765789,780,422,2500000.00001485
52,7608,0,0,0.78054286975791,1.54560558913682,1.16307422944737,180,422,2500000.00001485
53,7608,0,0,0.784005312185551,1.55429469284175,1.16915000251365,864,422,2500000.00001485
54,7608,0,0,0.77631014000297,1.55381133004249,1.16506073502273,880,422,2500000.00001485
55,7612,0,0,0.787091586523429,1.55046590226829,1.16877874439586,704,422,2500000.00001485
56,7608,0,0,0.780734964131044,1.56362468904929,1.17217982659017,976,422,2500000.00001485
57,7612,0,0,0.784856542053769,1.54995324636147,1.16740489420762,812,422,2500000.00001485
58,7612,0,0,0.78305730011817,1.54652023342262,1.1647887667704,1012,422,2500000.00001485
59,7608,0,0,0.780982243500774,1.55507433074702,1.16802828712389,136,422,2500000.00001485
60,7612,0,0,0.781769278955246,1.55481449488276,1.168291886919,228,422,2500000.00001485
61,7608,0,0,0.783060246564807,1.54969553591431,1.16637789123956,696,422,2500000.00001485
62,7608,0,0,0.782751097015985,1.5513022318386,1.16702666442729,808,422,2500000.00001485
63,7612,0,0,0.779862732926829,1.5573814243157,1.16862207862126,700,422,2500000.00001485
64,7608,0,0,0.781768595636915,1.54960862816471,1.16568861190081,436,422,2500000.00001485
65,7612,0,0,0.780902569746855,1.55073801009637,1.16582028992161,124,422,2500000.00001485
66,7608,0,0,0.787688187063014,1.56034827545441,1.17401823125871,468,422,2500000.00001485
67,7612,0,0,0.782802227142787,1.55831201791625,1.17055712252952,900,422,2500000.00001485
68,7612,0,0,0.781682336110492,1.5503037537478,1.16599304492914,344,422,2500000.00001485
69,7608,0,0,0.779786134403828,1.54228341614743,1.16103477527563,412,422,2500000.00001485
70,7612,0,0,0.784177374846859,1.55043387929281,1.16730562706983,512,422,2500000.00001485
71,7612,0,0,0.781735792844506,1.55228130055857,1.16700854670154,232,422,2500000.00001485
72,7612,0,0,0.785035618919908,1.54689599156948,1.16596580524469,416,422,2500000.00001485
73,7612,0,0,0.777970068455526,1.55689196757628,1.1674310180159,820,422,2500000.00001485
74,7608,0,0,0.782019674838066,1.55368725388381,1.16785346436094,100,422,2500000.00001485
75,7612,0,0,0.78385079814689,1.55865237904137,1.17125158859413,72,422,2500000.00001485
76,7612,0,0,0.781735792844506,1.55654591467857,1.16914085376154,880,422,2500000.00001485
77,7608,0,0,0.784520785143524,1.56215965927833,1.17334022221093,596,422,2500000.00001485
78,7612,0,0,0.779001128907023,1.55874276854676,1.16887194872689,184,422,2500000.00001485
79,7612,0,0,0.780044658987997,1.55784321668013,1.16894393783406,120,422,2500000.00001485
80,7612,0,0,0.778835152753102,1.55647638890724,1.16765577083017,476,422,2500000.00001485
81,7612,0,0,0.783047969338092,1.55086738938205,1.16695767936007,852,422,2500000.00001485
82,7612,0,0,0.780734964131044,1.55163828234068,1.16618662323586,868,422,2500000.00001485
83,7608,0,0,0.782973572518129,1.55697585218317,1.16997471235065,572,422,2500000.00001485
84,7612,0,0,0.781392706864094,1.55288808713061,1.16714039699735,16,422,2500000.00001485
85,7612,0,0,0.784005613290785,1.54743434811505,1.16571998070292,768,422,2500000.00001485
86,7612,1,0.000131371518654756,0.780991153509264,1.55160627484496,1.16629871417711,528,422,2500000.00001485
87,7612,0,0,0.785800130143529,1.55844609834482,1.17212311424417,208,422,2500000.00001485
88,7608,0,0,0.785372588376784,1.56119009768191,1.17328134302935,288,422,2500000.00001485
89,7612,0,0,0.784597934857384,1.5397127184364,1.16215532664689,504,422,2500000.00001485
90,7612,0,0,0.785550115284642,1.55119439225468,1.16837225376966,204,422,2500000.00001485
91,7608,0,0,0.785550115284642,1.54878237989713,1.16716624759089,816,422,2500000.00001485
92,7608,0,0,0.784005613290785,1.54795645385384,1.16598103357231,272,422,2500000.00001485
93,7608,0,0,0.783167612339711,1.55151899819788,1.16734330526879,552,422,2500000.00001485
94,7612,0,0,0.781941531745472,1.55247322983959,1.16720738079253,72,422,2500000.00001485
95,7612,0,0,0.781163997550239,1.54564512773525,1.16340456264274,36,422,2500000.00001485
96,7612,0,0,0.784941956338512,1.55167594263628,1.1683089494874,988,422,2500000.00001485
97,7612,0,0,0.782285449953333,1.55628415914425,1.16928480454879,4,422,2500000.00001485
98,7612,0,0,0.784508087991287,1.54926094841428,1.16688451820278,80,422,2500000.00001485
99,7612,0,0,0.778143162254187,1.54710492936926,1.16262404581172,220,422,2500000.00001485
100,7608,0,0,0.779779779489381,1.55913935310562,1.1694595662975,136,422,2500000.00001485
101,7612,0,0,0.782284995308707,1.54316387262143,1.16272443396507,716,422,2500000.00001485
102,7612,0,0,0.783833922401051,1.55360135291973,1.16871763766039,336,422,2500000.00001485
103,7612,0,0,0.783209752743324,1.54970419111128,1.1664569719273,700,422,2500000.00001485
104,7608,0,0,0.780267471185879,1.54904183619492,1.1646546536904,720,422,2500000.00001485
105,7608,0,0,0.782762322400264,1.54890908815728,1.16583570527877,748,422,2500000.00001485
106,7612,0,0,0.783910826785985,1.55821481254038,1.17106281966318,576,422,2500000.00001485
107,7608,0,0,0.782630163787122,1.55838409703299,1.17050713041005,680,422,2500000.00001485
108,7612,0,0,0.781330490660005,1.55835320810308,1.16984184938154,328,422,2500000.00001485
109,7612,0,0,0.783036446757495,1.55202503533069,1.16753074104409,836,422,2500000.00001485
110,7612,0,0,0.785035618919908,1.56019543017434,1.17261552454712,160,422,2500000.00001485
111,7608,0,0,0.782113746598732,1.55159753468349,1.16685564064111,300,422,2500000.00001485
112,7608,0,0,0.782096374329973,1.55631763512945,1.16920700472971,316,422,2500000.00001485
113,7608,0,0,0.783734671093917,1.55147585278024,1.16760526193708,328,422,2500000.00001485
114,7612,0,0,0.783448443744344,1.55489599437557,1.16917221905996,860,422,2500000.00001485
115,7608,0,0,0.782432141081305,1.55782862237051,1.17013038172591,484,422,2500000.00001485
116,7612,0,0,0.784005613290785,1.55607256352423,1.17003908840751,972,422,2500000.00001485
117,7612,0,0,0.781498494467105,1.56779368532709,1.1746460898971,164,422,2500000.00001485
118,7612,0,0,0.776583929147837,1.55091173305777,1.1637478311028,780,422,2500000.00001485
119,7612,0,0,0.785624605553872,1.55025549733182,1.16794005144285,1016,422,2500000.00001485
120,7608,0,0,0.783747857992793,1.55282097546426,1.16828441672853,996,422,2500000.00001485
121,7608,0,0,0.783058886673248,1.55168974760724,1.16737431714024,460,422,2500000.00001485
122,7612,0,0,0.784203047569254,1.55896264823455,1.1715828479019,372,422,2500000.00001485
123,7608,0,0,0.784343667129535,1.54786513471976,1.16610440092465,560,422,2500000.00001485
124,7608,0,0,0.787860964004511,1.55524753053936,1.17155424727194,124,422,2500000.00001485
125,7612,0,0,0.78228592354008,1.55559387227187,1.16893989790597,956,422,2500000.00001485
126,7612,0,0,0.781596988202971,1.55870402677885,1.17015050749091,88,422,2500000.00001485
127,7608,0,0,0.777266183678952,1.54250917954649,1.15988768161272,572,422,2500000.00001485
128,7612,0,0,0.781165976167007,1.55879388528729,1.16997993072715,472,422,2500000.00001485
129,7608,0,0,0.78493858091178,1.54934787566632,1.16714322828905,1008,422,2500000.00001485
130,7612,0,0,0.781941531745472,1.55957103494599,1.17075628334573,728,422,2500000.00001485
131,7608,0,0,0.780129906108319,1.55810254746183,1.16911622678507,796,422,2500000.00001485
132,7608,0,0,0.781935385836505,1.55695857101964,1.16944697842807,480,422,2500000.00001485
133,7612,0,0,0.785374441769896,1.55498655621377,1.17018049899183,664,422,2500000.00001485
134,7612,0,0,0.783143049508203,1.54891661497181,1.16602983224001,776,422,2500000.00001485
135,7612,0,0,0.781112952002124,1.55076264184039,1.16593779692126,532,422,2500000.00001485
136,7612,0,0,0.787098359202767,1.54904326978315,1.16807081449296,196,422,2500000.00001485
137,7612,0,0,0.784593428340256,1.5646920217394,1.17464272503983,672,422,2500000.00001485
138,7608,0,0,0.781597667671299,1.56073101993383,1.17116434380256,496,422,2500000.00001485
139,7612,0,0,0.787685774707242,1.55626129197953,1.17197353334339,564,422,2500000.00001485
140,7608,0,0,0.787335156368606,1.55046930141005,1.16890222888933,156,422,2500000.00001485
141,7612,0,0,0.784090929681519,1.55220768156955,1.16814930562553,432,422,2500000.00001485
142,7608,0,0,0.787641226363379,1.55455298371922,1.1710971050413,596,422,2500000.00001485
143,7612,0,0,0.786749298363505,1.55659546367638,1.17167238101994,444,422,2500000.00001485
144,7608,0,0,0.784466065721821,1.55716153993736,1.17081380282959,444,422,2500000.00001485
145,7608,0,0,0.787736459642837,1.55246888649243,1.17010267306763,444,422,2500000.00001485
146,7608,0,0,0.780734964131044,1.55234344317162,1.16653920365133,452,422,2500000.00001485
147,7612,0,0,0.781337107186195,1.55264750498665,1.16699230608642,820,422,2500000.00001485
148,7608,0,0,0.779267100005524,1.55520365316176,1.16723537658364,904,422,2500000.00001485
149,7608,0,0,0.782973950389802,1.54656377039265,1.16476886039123,924,422,2500000.00001485
150,7608,0,0,0.780734964131044,1.5553339279625,1.16803444604677,768,422,2500000.00001485
151,7612,0,0,0.783490102694801,1.56618737326495,1.17483873797988,736,422,2500000.00001485
152,7608,0,0,0.784083592461728,1.56125111353775,1.17266735299974,568,422,2500000.00001485
153,7608,0,0,0.781669803926546,1.55715209124564,1.1694109475861,616,422,2500000.00001485
154,7612,0,0,0.787571992644464,1.55931218750786,1.17344209007616,828,422,2500000.00001485
155,7612,0,0,0.783318190437614,1.55186664787572,1.16759241915667,540,422,2500000.00001485
156,7608,0,0,0.782763937845223,1.55199157244244,1.16737775514383,320,422,2500000.00001485
157,7612,0,0,0.788020061422676,1.55732442556289,1.17267224349278,36,422,2500000.00001485
158,7612,0,0,0.782458062594543,1.56026196107042,1.17136001183248,32,422,2500000.00001485
159,7608,0,0,0.783389885913991,1.55490111166202,1.169145498788,188,422,2500000.00001485
160,7612,0,0,0.781767741484803,1.55398914661463,1.16787844404971,432,422,2500000.00001485
161,7612,0,0,0.785686801680505,1.55918241217582,1.17243460692816,40,422,2500000.00001485
162,7608,0,0,0.787512176761594,1.55704841499557,1.17228029587858,628,422,2500000.00001485
163,7612,0,0,0.784570687122472,1.55545631047711,1.17001349879979,696,422,2500000.00001485
164,7612,0,0,0.786149370844501,1.55267357522638,1.16941147303544,380,422,2500000.00001485
165,7608,0,0,0.782801546525919,1.55788642648402,1.17034398650497,780,422,2500000.00001485
166,7612,0,0,0.78861449397422,1.55913943924527,1.17387696660974,332,422,2500000.00001485
167,7608,0,0,0.783054466944127,1.55976104840414,1.17140775767413,920,422,2500000.00001485
168,7612,0,0,0.788800799364752,1.55069041149506,1.1697456054299,200,422,2500000.00001485
169,7612,0,0,0.783972412955898,1.55481449488276,1.16939345391933,632,422,2500000.00001485
170,7612,0,0,0.779438412029274,1.55429469284175,1.16686655243551,764,422,2500000.00001485
171,7608,0,0,0.782802227142787,1.56215977584523,1.17248100149401,220,422,2500000.00001485
172,7612,0,0,0.784972547798167,1.55715116614537,1.17106185697177,352,422,2500000.00001485
173,7608,0,0,0.785534467557999,1.54952171554072,1.16752809154936,408,422,2500000.00001485
174,7612,0,0,0.784097619541235,1.55016134100169,1.16712948027146,792,422,2500000.00001485
175,7612,0,0,0.783318190437614,1.56004550392063,1.17168184717912,308,422,2500000.00001485
176,7612,0,0,0.786406861220683,1.55004311818535,1.16822498970302,644,422,2500000.00001485
177,7608,0,0,0.788971516994576,1.55784321668013,1.17340736683735,676,422,2500000.00001485
178,7612,0,0,0.784346392380382,1.5543336541747,1.16934002327754,956,422,2500000.00001485
179,7612,0,0,0.784260303909708,1.53984121666476,1.16205076028723,808,422,2500000.00001485
180,7608,0,0,0.786235586719856,1.55463829017558,1.17043693844772,992,422,2500000.00001485
181,7608,0,0,0.785550115284642,1.5595523502511,1.17255123276787,1008,422,2500000.00001485
182,7608,0,0,0.785372588376784,1.55464124684669,1.17000691761174,404,422,2500000.00001485
183,7608,0,0,0.786406861220683,1.55099856778996,1.16870271450532,132,422,2500000.00001485
184,7608,0,0,0.784692415163801,1.56929769887047,1.17699505701714,200,422,2500000.00001485
185,7608,0,0,0.784520785143524,1.56448576571523,1.17450327542938,968,422,2500000.00001485
186,7608,0,0,0.784069434159558,1.55658912680594,1.17032928048275,192,422,2500000.00001485
187,7608,0,0,0.786920461054176,1.56474399560322,1.1758322283287,96,422,2500000.00001485
188,7612,0,0,0.784949794549531,1.56041014611964,1.17267997033459,616,422,2500000.00001485
189,7612,0,0,0.784335397112998,1.55245259659657,1.16839399685478,840,422,2500000.00001485
190,7608,0,0,0.782888239914636,1.55904555287871,1.17096689639667,88,422,2500000.00001485
191,7612,0,0,0.786405947505417,1.55818892153574,1.17229743452058,84,422,2500000.00001485
192,7608,0,0,0.787433725894738,1.54984399202909,1.16863885896191,724,422,2500000.00001485
193,7608,0,0,0.788544612004377,1.56103861871369,1.17479161535904,216,422,2500000.00001485
194,7608,0,0,0.787604442849089,1.55971847981117,1.17366146133013,932,422,2500000.00001485
195,7612,0,0,0.785193498361202,1.56057043084954,1.17288196460537,972,422,2500000.00001485
196,7608,0,0,0.785035618919908,1.55982710403867,1.17243136147929,472,422,2500000.00001485
197,7608,0,0,0.789654018434481,1.55880941497777,1.17423171670613,164,422,2500000.00001485
198,7608,0,0,0.781252121543145,1.55585357797594,1.16855284975954,108,422,2500000.00001485
199,7608,0,0,0.788117559046536,1.5554207110455,1.17176913504602,220,422,2500000.00001485
200,7612,0,0,0.786231388302138,1.56211640699911,1.17417389765063,996,422,2500000.00001485
201,7608,0,0,0.786406861220683,1.55151743200514,1.16896214661291,424,422,2500000.00001485
202,7612,0,0,0.786313389393498,1.55533483136745,1.17082411038047,376,422,2500000.00001485
203,7608,0,0,0.782021836625976,1.56008845576246,1.17105514619422,20,422,2500000.00001485
204,7608,0,0,0.781769278955246,1.55320620259749,1.16748774077637,924,422,2500000.00001485
205,7608,0,0,0.7850950378835,1.56116702244249,1.17313103016299,140,422,2500000.00001485
206,7612,0,0,0.786491696895449,1.56379693472516,1.17514431581031,112,422,2500000.00001485
207,7612,0,0,0.786738571231725,1.55195342917862,1.16934600020517,556,422,2500000.00001485
208,7608,0,0,0.785286896550287,1.55732413502438,1.17130551578733,872,422,2500000.00001485
209,7612,0,0,0.790676665983781,1.55697846878298,1.17382756738338,484,422,2500000.00001485
210,7608,0,0,0.786812724178538,1.55576701422491,1.17128986920172,556,422,2500000.00001485
211,7612,0,0,0.785461914294769,1.55047693900212,1.16796942664845,928,422,2500000.00001485
212,7608,0,0,0.785034419230103,1.55524753053936,1.17014097488473,44,422,2500000.00001485
213,7608,0,0,0.787262674795534,1.5522482502658,1.16975546253067,244,422,2500000.00001485
214,7608,0,0,0.785892925737479,1.56989232291224,1.17789262432486,864,422,2500000.00001485
215,7612,0,0,0.786833837165589,1.55613592142627,1.17148487929593,804,422,2500000.00001485
216,7612,0,0,0.787003121438296,1.5643755154491,1.1756893184437,908,422,2500000.00001485
217,7608,0,0,0.78140524629806,1.55857643734325,1.16999084182065,404,422,2500000.00001485
218,7608,0,0,0.784692433933488,1.56405494650523,1.17437369021936,816,422,2500000.00001485
219,7612,0,0,0.784692433933488,1.56206499592567,1.17337871492958,656,422,2500000.00001485
220,7608,0,0,0.783919337188309,1.56676511110067,1.17534222414449,52,422,2500000.00001485
221,7608,0,0,0.788543317282506,1.54935688996029,1.1689501036214,232,422,2500000.00001485
222,7608,0,0,0.783565634406646,1.55425133856914,1.16890848648789,68,422,2500000.00001485
223,7608,0,0,0.786235586719856,1.55263958093002,1.16943758382494,504,422,2500000.00001485
224,7612,0,0,0.781626731125603,1.55878903667179,1.1702078838987,652,422,2500000.00001485
225,7608,0,0,0.782974252686484,1.54740579941973,1.16519002605311,244,422,2500000.00001485
226,7608,0,0,0.782113746598732,1.55091076063561,1.16651225361717,608,422,2500000.00001485
227,7612,0,0,0.786920163282558,1.55498633431028,1.17095324879642,848,422,2500000.00001485
228,7612,0,0,0.78497682333592,1.56041548353432,1.17269615343512,956,422,2500000.00001485
229,7612,0,0,0.783831930941687,1.55671732567119,1.17027462830644,92,422,2500000.00001485
230,7612,0,0,0.781596988202971,1.54403406552633,1.16281552686465,700,422,2500000.00001485
231,7612,0,0,0.786142091110802,1.55601859325183,1.17108034218131,984,422,2500000.00001485
232,7608,0,0,0.786235586719856,1.54750495619579,1.16687027145782,180,422,2500000.00001485
233,7608,0,0,0.788117559046536,1.56577648927915,1.17694702416284,436,422,2500000.00001485
234,7612,0,0,0.785892925737479,1.5527872483758,1.16934008705664,868,422,2500000.00001485
235,7608,0,0,0.784971994906258,1.5549877236165,1.16997985926138,172,422,2500000.00001485
236,7612,0,0,0.784262860807354,1.556592421801,1.17042764130418,204,422,2500000.00001485
237,7612,0,0,0.782531811654182,1.56848305732161,1.17550743448789,416,422,2500000.00001485
238,7608,0,0,0.785861515125929,1.55334127066246,1.1696013928942,672,422,2500000.00001485
239,7612,0,0,0.785550115284642,1.55859708205462,1.17207359866963,272,422,2500000.00001485
240,7612,0,0,0.781424640457388,1.55559387227187,1.16850925636463,568,422,2500000.00001485
241,7608,0,0,0.78494878197969,1.55594013691105,1.17044445944537,388,422,2500000.00001485
242,7608,0,0,0.785719669592762,1.5513854743683,1.16855257198053,764,422,2500000.00001485
243,7612,0,0,0.785805176568023,1.56008931797599,1.17294724727201,760,422,2500000.00001485
244,7608,0,0,0.783833814096592,1.55315599775168,1.16849490592413,8,422,2500000.00001485
245,7608,0,0,0.78648036263753,1.55568044565715,1.17108040414734,756,422,2500000.00001485
246,7608,0,0,0.781941531745472,1.55862107957917,1.17028130566232,248,422,2500000.00001485
247,7612,0,0,0.787433725894738,1.56102854596036,1.17423113592755,748,422,2500000.00001485
248,7612,0,0,0.785721539207094,1.54960862816471,1.1676650836859,316,422,2500000.00001485
249,7612,0,0,0.787758233019108,1.55671886420113,1.17223854861012,932,422,2500000.00001485
250,7608,0,0,0.779984727302208,1.55372891008513,1.16685681869367,988,422,2500000.00001485
251,7608,0,0,0.785892925737479,1.55368803733062,1.16979048153405,780,422,2500000.00001485
252,7608,0,0,0.787433725894738,1.55162611945635,1.16952992267555,744,422,2500000.00001485
253,7612,0,0,0.788715052392777,1.56254636849004,1.17563071044141,720,422,2500000.00001485
254,7612,0,0,0.785721539207094,1.55316871942582,1.16944512931645,780,422,2500000.00001485
255,7612,0,0,0.785281668155581,1.56146262375059,1.17337214595308,428,422,2500000.00001485
256,7608,0,0,0.786235586719856,1.56150744985406,1.17387151828696,1004,422,2500000.00001485
257,7612,0,0,0.783661977239524,1.55368803733062,1.16867500728507,452,422,2500000.00001485
258,7608,0,0,0.786406861220683,1.55507433074702,1.17074059598385,100,422,2500000.00001485
259,7608,0,0,0.787775716671293,1.55186981038335,1.16982276352732,564,422,2500000.00001485
260,7608,0,0,0.785784971021367,1.55160627484496,1.16869562293316,932,422,2500000.00001485
261,7612,0,0,0.785207155165574,1.55831507117172,1.17176111316865,216,422,2500000.00001485
262,7612,0,0,0.784639701024328,1.55706496518419,1.17085233310426,776,422,2500000.00001485
263,7608,0,0,0.788800799364752,1.55277702770395,1.17078891353435,960,422,2500000.00001485
264,7608,0,0,0.784864045184077,1.55792966507046,1.17139685512727,940,422,2500000.00001485
265,7608,0,0,0.782458062594544,1.55549187244803,1.16897496752129,560,422,2500000.00001485
266,7608,0,0,0.782886879126538,1.55177986171968,1.16733337042311,272,422,2500000.00001485
267,7608,0,0,0.784177374846859,1.55749737513592,1.17083737499139,16,422,2500000.00001485
268,7612,0,0,0.78585567414837,1.56483006276291,1.17534286845564,8,422,2500000.00001485
269,7612,0,0,0.787152363488196,1.55727481613969,1.17221358981394,884,422,2500000.00001485
270,7608,0,0,0.783546962194975,1.54917401628457,1.16636048923977,108,422,2500000.00001485
271,7612,0,0,0.789142197692515,1.55603455926908,1.1725883784808,308,422,2500000.00001485
272,7612,0,0,0.787433725894738,1.55805694948835,1.17274533769154,80,422,2500000.00001485
273,7608,0,0,0.783833814096592,1.55654485418279,1.17018933413969,580,422,2500000.00001485
274,7608,0,0,0.781882035268821,1.55784321668013,1.16986262597448,312,422,2500000.00001485
275,7608,0,0,0.785721539207094,1.5492403054614,1.16748092233425,604,422,2500000.00001485
276,7608,0,0,0.788195213249648,1.55991665577437,1.17405593451201,76,422,2500000.00001485
277,7612,0,0,0.783535280907993,1.5553765928442,1.1694559368761,428,422,2500000.00001485
278,7608,0,0,0.789311661190393,1.5502168800959,1.16976427064314,472,422,2500000.00001485
279,7612,0,0,0.787165045064171,1.55618765416614,1.17167634961516,304,422,2500000.00001485
280,7608,0,0,0.782876278009854,1.56073572404954,1.1718060010297,576,422,2500000.00001485
281,7612,0,0,0.785207155165574,1.55980447063275,1.17250581289916,312,422,2500000.00001485
282,7608,0,0,0.789995048041584,1.56353855791049,1.17676680297604,856,422,2500000.00001485
283,7612,0,0,0.787033250591797,1.55234286617989,1.16968805838584,224,422,2500000.00001485
284,7612,0,0,0.785023902806786,1.55535059075198,1.17018724677939,828,422,2500000.00001485
285,7608,0,0,0.784177374846859,1.55520168579434,1.1696895303206,972,422,2500000.00001485
286,7612,0,0,0.782898563373951,1.5529944265651,1.16794649496953,400,422,2500000.00001485
287,7608,0,0,0.788117559046536,1.56034808209027,1.1742328205684,924,422,2500000.00001485
288,7608,0,0,0.787090080031851,1.55801610866409,1.17255309434797,420,422,2500000.00001485
289,7612,0,0,0.786235586719856,1.54902875955262,1.16763217313624,472,422,2500000.00001485
290,7612,0,0,0.786998209646286,1.55855556821497,1.17277688893063,360,422,2500000.00001485
291,7608,0,0,0.787944802577169,1.55256076247953,1.17025278252835,564,422,2500000.00001485
292,7612,0,0,0.788710394361517,1.55080386305291,1.16975712870721,340,422,2500000.00001485
293,7608,0,0,0.790506316597772,1.55889749018444,1.17470190339111,532,422,2500000.00001485
294,7612,0,0,0.788800503717542,1.5623218308484,1.17556116728297,176,422,2500000.00001485
295,7612,0,0,0.78990048905924,1.55424759948484,1.17207404427204,640,422,2500000.00001485
296,7612,0,0,0.78572062309885,1.56295699157664,1.17433880733774,332,422,2500000.00001485
297,7608,0,0,0.786576588983222,1.55403472662141,1.17030565780231,104,422,2500000.00001485
298,7612,0,0,0.787685180890924,1.55991665577437,1.17380091833265,372,422,2500000.00001485
299,7608,0,0,0.786578023887016,1.56029123926161,1.17343463157431,188,422,2500000.00001485
300,7608,0,0,0.783661977239524,1.5563614063394,1.17001169178946,700,422,2500000.00001485
301,7608,0,0,0.788373061592041,1.55875018219995,1.173561621896,856,422,2500000.00001485
302,7612,0,0,0.79160448140081,1.5639691780288,1.1777868297148,8,422,2500000.00001485
303,7612,0,0,0.786920461054176,1.55991203026241,1.17341624565829,12,422,2500000.00001485
304,7612,0,0,0.786909740920952,1.57241469823262,1.17966221957678,492,422,2500000.00001485
305,7612,0,0,0.787915490787214,1.56267696168156,1.17529622623439,472,422,2500000.00001485
306,7608,0,0,0.790418699409658,1.56177140209058,1.17609505075012,672,422,2500000.00001485
307,7612,0,0,0.787565855983953,1.55808796043846,1.17282690821121,68,422,2500000.00001485
308,7608,0,0,0.787086211444222,1.56631886039795,1.17670253592108,144,422,2500000.00001485
309,7612,0,0,0.787946656397005,1.55511761743241,1.17153213691471,300,422,2500000.00001485
310,7608,0,0,0.782630088113282,1.56617281563296,1.17440145187312,236,422,2500000.00001485
311,7608,0,0,0.786392241139396,1.56239477646809,1.17439350880374,856,422,2500000.00001485
312,7608,0,0,0.786945818688749,1.55693326698234,1.17193954283554,176,422,2500000.00001485
313,7612,0,0,0.788021877692871,1.55628482078488,1.17215334923888,188,422,2500000.00001485
314,7612,0,0,0.781424659463537,1.55753686468143,1.16948076207248,192,422,2500000.00001485
315,7608,0,0,0.786402417495715,1.56296503498069,1.1746837262382,548,422,2500000.00001485
316,7612,0,0,0.784520785143524,1.55580847552547,1.1701646303345,960,422,2500000.00001485
317,7608,0,0,0.785456524370024,1.55808181037931,1.17176916737466,548,422,2500000.00001485
318,7612,0,0,0.785544708500305,1.55528467984492,1.17041469417261,160,422,2500000.00001485
319,7608,0,0,0.788621890505416,1.56233218776881,1.17547703913711,52,422,2500000.00001485
320,7608,0,0,0.788288424644001,1.55885438679684,1.17357140572042,184,422,2500000.00001485
321,7612,0,0,0.792377981546591,1.55773942918794,1.17505870536727,40,422,2500000.00001485
322,7612,0,0,0.787348200345136,1.56060718041894,1.17397769038204,540,422,2500000.00001485
323,7612,0,0,0.782709008657125,1.55503374857038,1.16887137861375,480,422,2500000.00001485
324,7608,0,0,0.783655146420619,1.55234387955122,1.16799951298592,8,422,2500000.00001485
325,7612,0,0,0.784349098789539,1.55783791780619,1.17109350829787,72,422,2500000.00001485
326,7608,0,0,0.784864045184077,1.56043458506398,1.17264931512403,328,422,2500000.00001485
327,7608,0,0,0.789824478019494,1.5531169636822,1.17147072085085,376,422,2500000.00001485
328,7608,0,0,0.786826278520451,1.55844729632721,1.17263678742383,624,422,2500000.00001485
329,7612,0,0,0.784602103270503,1.56177127353318,1.17318668840184,304,422,2500000.00001485
330,7608,0,0,0.788188990096778,1.55563715414658,1.17191307212168,432,422,2500000.00001485
331,7608,0,0,0.785378653945639,1.55723790514864,1.17130827954714,324,422,2500000.00001485
332,7612,0,0,0.787118675492111,1.56483006276291,1.17597436912751,252,422,2500000.00001485
333,7608,0,0,0.788032070657647,1.55784321668013,1.17293764366889,96,422,2500000.00001485
334,7612,0,0,0.790624536864521,1.56039424528705,1.17550939107578,920,422,2500000.00001485
335,7608,0,0,0.787518452999871,1.55875018219995,1.17313431759991,644,422,2500000.00001485
336,7612,0,0,0.78863002628912,1.55891662537612,1.17377332583262,524,422,2500000.00001485
337,7608,0,0,0.784349098789539,1.56822463877262,1.17628686878108,776,422,2500000.00001485
338,7608,0,0,0.784177374846859,1.56124796785425,1.17271267135056,144,422,2500000.00001485
339,7612,0,0,0.789688533036103,1.55683743786912,1.17326298545261,372,422,2500000.00001485
340,7612,0,0,0.786406861220683,1.56882272875702,1.17761479498885,728,422,2500000.00001485
341,7608,0,0,0.788581945115313,1.56379694421097,1.17618944466314,656,422,2500000.00001485
342,7612,0,0,0.787176089475484,1.56257912866806,1.17487760907177,204,422,2500000.00001485
343,7612,0,0,0.785112729414144,1.56603450633442,1.17557361787428,884,422,2500000.00001485
344,7612,0,0,0.785550115284642,1.56189768182675,1.1737238985557,856,422,2500000.00001485
345,7608,0,0,0.784434904390174,1.56168522346783,1.173060063929,504,422,2500000.00001485
346,7608,0,0,0.787074846918198,1.56008586910758,1.17358035801289,948,422,2500000.00001485
347,7608,0,0,0.790165507650439,1.55112870810476,1.1706471078776,764,422,2500000.00001485
348,7608,0,0,0.785354390264693,1.5679943250972,1.17667435768095,400,422,2500000.00001485
349,7612,0,0,0.786064256228667,1.55861969996633,1.1723419780975,924,422,2500000.00001485
350,7608,0,0,0.786319880927685,1.56220287585248,1.17426137839008,584,422,2500000.00001485
351,7608,0,0,0.785721539207094,1.55952525005109,1.17262339462909,204,422,2500000.00001485
352,7612,0,0,0.783746840757226,1.55269065577383,1.16821874826553,1012,422,2500000.00001485
353,7612,0,0,0.783576002267103,1.562022331993,1.17279916713005,84,422,2500000.00001485
354,7608,0,0,0.78228592354008,1.55363789275247,1.16796190814627,320,422,2500000.00001485
355,7608,0,0,0.792506114973853,1.55230050587516,1.1724033104245,288,422,2500000.00001485
356,7608,0,0,0.790828202646086,1.5610063311197,1.17591726688289,448,422,2500000.00001485
357,7612,0,0,0.789312841482529,1.55787240426865,1.17359262287559,508,422,2500000.00001485
358,7612,0,0,0.788871158254504,1.56004242738472,1.17445679281961,120,422,2500000.00001485
359,7612,0,0,0.788288424644001,1.55715145678071,1.17271994071236,480,422,2500000.00001485
360,7612,0,0,0.784777451488501,1.56133737358985,1.17305741253918,548,422,2500000.00001485
361,7608,0,0,0.785542631796654,1.56021385869482,1.17287824524574,496,422,2500000.00001485
362,7612,0,0,0.787252842256718,1.55801610866409,1.1726344754604,164,422,2500000.00001485
363,7612,0,0,0.786064274900256,1.56050323944741,1.17328375717383,56,422,2500000.00001485
364,7612,0,0,0.785966459348773,1.55874656160065,1.17235651047471,864,422,2500000.00001485
365,7608,0,0,0.786492367977216,1.55762387763787,1.17205812280754,744,422,2500000.00001485
366,7612,0,0,0.786228122788634,1.55931218750786,1.17277015514825,500,422,2500000.00001485
367,7608,0,0,0.791697992565808,1.56479540913856,1.17824670085218,880,422,2500000.00001485
368,7608,0,0,0.787845052320772,1.56190065220743,1.1748728522641,656,422,2500000.00001485
369,7608,0,0,0.790858355691366,1.57082844327741,1.18084339948439,196,422,2500000.00001485
370,7608,0,0,0.788195954084816,1.557343693622,1.17276982385341,344,422,2500000.00001485
371,7612,0,0,0.792264705222048,1.56258221880014,1.1774234620111,392,422,2500000.00001485
372,7612,0,0,0.789893790843869,1.56353855791049,1.17671617437718,716,422,2500000.00001485
373,7608,0,0,0.786063808109875,1.56142023647462,1.17374202229225,392,422,2500000.00001485
374,7608,0,0,0.789919687182664,1.56202851986969,1.17597410352618,548,422,2500000.00001485
375,7612,0,0,0.787433725894738,1.55350412697266,1.1704689264337,980,422,2500000.00001485
376,7612,0,0,0.784331036383263,1.56418223921991,1.17425663780159,800,422,2500000.00001485
377,7608,0,0,0.787487255027827,1.5634524196542,1.17546983734101,804,422,2500000.00001485
378,7612,0,0,0.786405667795601,1.56121054671796,1.17380810725678,808,422,2500000.00001485
379,7612,0,0,0.781941531745472,1.5505554202796,1.16624847601254,608,422,2500000.00001485
380,7608,0,0,0.789483448388548,1.56271991910494,1.17610168374675,72,422,2500000.00001485
381,7608,0,0,0.790419801294501,1.56162047207103,1.17602013668277,432,422,2500000.00001485
382,7612,0,0,0.788709100439533,1.56654995059734,1.17762952551844,228,422,2500000.00001485
383,7612,0,0,0.787774807710846,1.55377254102362,1.17077367436723,612,422,2500000.00001485
384,7608,0,0,0.784692433933488,1.55513485265157,1.16991364329253,528,422,2500000.00001485
385,7608,0,0,0.788110148459522,1.55935510789011,1.17373262817482,224,422,2500000.00001485
386,7608,0,0,0.789565859230273,1.56190111870696,1.17573348896862,896,422,2500000.00001485
387,7612,0,0,0.788908923813793,1.55186664787572,1.17038778584475,244,422,2500000.00001485
388,7612,0,0,0.789398034319392,1.55917755944331,1.17428779688135,764,422,2500000.00001485
389,7612,0,0,0.78559879262029,1.5610025484107,1.1733006705155,868,422,2500000.00001485
390,7608,0,0,0.786920461054176,1.5614290614243,1.17417476123924,472,422,2500000.00001485
391,7612,0,0,0.786692285029829,1.56878257973136,1.17773743238059,116,422,2500000.00001485
392,7612,0,0,0.789906450968092,1.56886989332715,1.17938817214762,52,422,2500000.00001485
393,7608,0,0,0.78683625794228,1.56236822761866,1.17460224278047,928,422,2500000.00001485
394,7608,0,0,0.787260816139609,1.55619978482891,1.17173030048426,948,422,2500000.00001485
395,7612,0,0,0.78700155861201,1.55505811484953,1.17102983673077,880,422,2500000.00001485
396,7612,0,0,0.787433725894738,1.56309927052029,1.17526649820751,212,422,2500000.00001485
397,7612,0,0,0.788117559046536,1.56352181619983,1.17581968762318,912,422,2500000.00001485
398,7608,0,0,0.78760473984526,1.56452151248588,1.17606312616557,688,422,2500000.00001485
399,7612,0,0,0.786064274900256,1.55586951068814,1.1709668927942,532,422,2500000.00001485
400,7608,0,0,0.793227516785054,1.55359839030752,1.17341295354629,148,422,2500000.00001485
401,7612,0,0,0.788117559046536,1.55758974609381,1.17285365257017,60,422,2500000.00001485
402,7612,0,0,0.789994588184422,1.56444012647378,1.1772173573291,528,422,2500000.00001485
403,7612,0,0,0.785081165185742,1.56568790098187,1.1753845330838,264,422,2500000.00001485
404,7608,0,0,0.786064274900256,1.56164195199553,1.17385311344789,500,422,2500000.00001485
405,7608,0,0,0.784946906833108,1.56780023827455,1.17637357255383,704,422,2500000.00001485
406,7608,1,0.000131440588853838,0.789142197692515,1.55909085001122,1.17411652385187,288,422,2500000.00001485
407,7612,0,0,0.78802765996471,1.57229449524731,1.18016107760601,488,422,2500000.00001485
408,7612,0,0,0.787091586523429,1.56623904993825,1.17666531823084,960,422,2500000.00001485
409,7608,0,0,0.786077006514524,1.56138367588385,1.17373034119919,740,422,2500000.00001485
410,7612,0,0,0.784176453316061,1.56008586910758,1.17213116121182,408,422,2500000.00001485
411,7608,0,0,0.786492107001314,1.55891915323445,1.17270563011788,400,422,2500000.00001485
412,7608,0,0,0.787348163184344,1.55898757708218,1.17316787013326,60,422,2500000.00001485
413,7612,0,0,0.78827492736914,1.56322558601914,1.17575025669414,372,422,2500000.00001485
414,7608,0,0,0.786406693395828,1.55301586621431,1.16971127980507,388,422,2500000.00001485
415,7608,0,0,0.78905630354406,1.56706614973111,1.17806122663759,840,422,2500000.00001485
416,7608,0,0,0.78955159809576,1.55853466954004,1.1740431338179,32,422,2500000.00001485
417,7608,0,0,0.787433707320397,1.56029828542312,1.17386599637176,64,422,2500000.00001485
418,7612,0,0,0.790506316597772,1.56955477866796,1.18003054763287,516,422,2500000.00001485
419,7608,0,0,0.789129722321202,1.56215763481368,1.17564367856744,480,422,2500000.00001485
420,7608,0,0,0.786973969394479,1.56629248088626,1.17663322514037,720,422,2500000.00001485
421,7608,0,0,0.789631454647797,1.56276314268048,1.17619729866414,892,422,2500000.00001485
422,7608,0,0,0.786920461054176,1.56487299458034,1.17589672781726,496,422,2500000.00001485
423,7612,0,0,0.785930964981419,1.56779627402357,1.1768636195025,200,422,2500000.00001485
424,7608,0,0,0.790207491839532,1.55544338388462,1.17282543786208,404,422,2500000.00001485
425,7612,0,0,0.787091586523429,1.56572681442865,1.17640920047604,612,422,2500000.00001485
426,7612,0,0,0.792632683750025,1.55663243511523,1.17463255943263,724,422,2500000.00001485
427,7612,0,0,0.787860407679041,1.55863815317377,1.17324928042641,700,422,2500000.00001485
428,7612,0,0,0.788971516994576,1.56925015512155,1.17911083605806,184,422,2500000.00001485
429,7612,0,0,0.788541282698092,1.55939855446284,1.17396991858047,8,422,2500000.00001485
430,7608,0,0,0.788886121235788,1.55680537503563,1.17284574813571,416,422,2500000.00001485
431,7612,0,0,0.785721539207094,1.56302118112969,1.17437136016839,368,422,2500000.00001485
432,7608,0,0,0.788456588909227,1.57177164212152,1.18011411551538,212,422,2500000.00001485
433,7612,0,0,0.787746033619737,1.56220167697585,1.17497385529779,288,422,2500000.00001485
434,7612,0,0,0.785550115284642,1.5600405355867,1.17279532543567,420,422,2500000.00001485
435,7612,0,0,0.786562425594263,1.5653246206243,1.17594352310928,756,422,2500000.00001485
436,7612,0,0,0.788116651268353,1.56749485887204,1.1778057550702,252,422,2500000.00001485
437,7608,0,0,0.789654018434481,1.56164241872693,1.17564821858071,772,422,2500000.00001485
438,7612,0,0,0.791262490600075,1.55857224063354,1.17491736561681,740,422,2500000.00001485
439,7608,0,0,0.789824551644208,1.55212161959302,1.17097308561862,856,422,2500000.00001485
440,7612,0,0,0.786702734329401,1.55909611458451,1.17289942445695,288,422,2500000.00001485
441,7608,0,0,0.786919791067242,1.57098920817111,1.17895449961917,132,422,2500000.00001485
442,7608,0,0,0.786672561187416,1.55346826860522,1.17007041489632,396,422,2500000.00001485
443,7608,0,0,0.788662512177511,1.55407389597757,1.17136820407754,760,422,2500000.00001485
444,7612,0,0,0.783352008911348,1.55896667184053,1.17115934037594,376,422,2500000.00001485
445,7612,0,0,0.786064274900256,1.55899863502018,1.17253145496022,948,422,2500000.00001485
446,7608,0,0,0.788064371285097,1.55926136573394,1.17366286850952,552,422,2500000.00001485
447,7608,0,0,0.794237580685385,1.56405528782531,1.17914643425535,820,422,2500000.00001485
448,7612,0,0,0.792718003286309,1.5589931579891,1.1758555806377,304,422,2500000.00001485
449,7612,0,0,0.788109388854666,1.55983923631526,1.17397431258496,536,422,2500000.00001485
450,7612,0,0,0.78948278490563,1.57007236670484,1.17977757580524,112,422,2500000.00001485
451,7612,0,0,0.790672537915795,1.55732292484452,1.17399773138016,108,422,2500000.00001485
452,7608,0,0,0.783490102694801,1.56012875432685,1.17180942851083,260,422,2500000.00001485
453,7612,0,0,0.784864045184077,1.56398534586849,1.17442469552629,716,422,2500000.00001485
454,7608,0,0,0.788282425997833,1.56312924256395,1.17570583428089,468,422,2500000.00001485
455,7612,0,0,0.788116892107972,1.57106070685394,1.17958879948095,740,422,2500000.00001485
456,7608,0,0,0.788800799364752,1.56259077592953,1.17569578764714,420,422,2500000.00001485
457,7612,0,0,0.791016796622432,1.57005624141646,1.18053651901945,752,422,2500000.00001485
458,7612,0,0,0.791101605066254,1.55619978482891,1.17365069494758,552,422,2500000.00001485
459,7608,0,0,0.790720165275789,1.55913193543527,1.17492605035553,376,422,2500000.00001485
460,7608,0,0,0.789142197692515,1.55825929450792,1.17370074610022,912,422,2500000.00001485
461,7612,0,0,0.791017254699117,1.56621290024761,1.17861507747337,308,422,2500000.00001485
462,7612,0,0,0.78921818463476,1.56833894226767,1.17877856345121,768,422,2500000.00001485
463,7612,0,0,0.786235586719856,1.56500218288253,1.17561888480119,460,422,2500000.00001485
464,7612,0,0,0.787824464891003,1.55961419748184,1.17371933118642,868,422,2500000.00001485
465,7612,0,0,0.79096958928955,1.56667816913038,1.17882387920997,812,422,2500000.00001485
466,7608,0,0,0.785464160042166,1.56034827545441,1.17290621774829,872,422,2500000.00001485
467,7608,0,0,0.786406861220683,1.56443644129557,1.17542165125812,572,422,2500000.00001485
468,7608,0,0,0.783833814096592,1.54882623897268,1.16633002653463,152,422,2500000.00001485
469,7612,0,0,0.788800337415743,1.5606635585125,1.17473194796412,996,422,2500000.00001485
470,7608,0,0,0.789734866064629,1.56306307105922,1.17639896856192,676,422,2500000.00001485
471,7612,0,0,0.783607019006728,1.55784119932861,1.17072410916767,256,422,2500000.00001485
472,7608,0,0,0.786920461054176,1.56551275455442,1.1762166078043,416,422,2500000.00001485
473,7608,0,0,0.788968857876647,1.56013243217957,1.17455064502811,808,422,2500000.00001485
474,7612,0,0,0.787262674795534,1.56023475743906,1.1737487161173,656,422,2500000.00001485
475,7612,0,0,0.788952606737758,1.56715208935934,1.17805234804855,468,422,2500000.00001485
476,7612,0,0,0.784177374846859,1.55939855446284,1.17178796465485,948,422,2500000.00001485
477,7612,0,0,0.784949832051992,1.56008469399966,1.17251726302583,336,422,2500000.00001485
478,7608,0,0,0.788934119032195,1.55980140213017,1.17436776058118,100,422,2500000.00001485
479,7608,0,0,0.788793408018282,1.55580390959222,1.17229865880525,552,422,2500000.00001485
480,7612,0,0,0.785513891889703,1.55611324033673,1.17081356611322,604,422,2500000.00001485
481,7612,0,0,0.787091512129121,1.56520310130045,1.17614730671479,716,422,2500000.00001485
482,7612,0,0,0.788117559046536,1.56223193934524,1.17517474919589,524,422,2500000.00001485
483,7612,0,0,0.790164845884168,1.56778648632558,1.17897566610488,792,422,2500000.00001485
484,7612,0,0,0.78760473984526,1.56483006276291,1.17621740130409,264,422,2500000.00001485
485,7612,0,0,0.787855511930203,1.56607171968828,1.17696361580924,356,422,2500000.00001485
486,7612,0,0,0.793562365011431,1.56826646830837,1.1809144166599,932,422,2500000.00001485
487,7612,0,0,0.790760171649172,1.56495914930346,1.17785966047632,452,422,2500000.00001485
488,7612,0,0,0.788790155716122,1.56184617413423,1.17531816492518,744,422,2500000.00001485
489,7608,0,0,0.789141016634532,1.55680080826407,1.1729709124493,320,422,2500000.00001485
490,7608,0,0,0.791355866879181,1.56547373616351,1.17841480152135,396,422,2500000.00001485
491,7608,0,0,0.787689448895934,1.56310781916078,1.17539863402836,556,422,2500000.00001485
492,7612,0,0,0.787238584914119,1.5697678644553,1.17850322468471,908,422,2500000.00001485
493,7608,0,0,0.786920461054176,1.57210922177943,1.1795148414168,280,422,2500000.00001485
494,7608,0,0,0.787083384339291,1.5622379839242,1.17466068413175,460,422,2500000.00001485
495,7612,0,0,0.787775716671293,1.56138867870089,1.17458219768609,184,422,2500000.00001485
496,7608,0,0,0.790335930494575,1.55641292046164,1.17337442547811,616,422,2500000.00001485
497,7608,0,0,0.787770355583929,1.55755315322081,1.17266175440237,676,422,2500000.00001485
498,7608,0,0,0.790718678876999,1.5625377915989,1.17662823523795,52,422,2500000.00001485
499,7608,0,0,0.789301314814412,1.55651128437795,1.17290629959618,376,422,2500000.00001485
500,7608,0,0,0.789481955548061,1.57238552452909,1.18093374003857,924,422,2500000.00001485
501,7612,0,0,0.787088908306212,1.56791313705186,1.17750102267903,136,422,2500000.00001485
502,7608,0,0,0.785892925737479,1.55896667184053,1.17242979878901,128,422,2500000.00001485
503,7612,0,0,0.794245563214857,1.56517428407433,1.17970992364459,724,422,2500000.00001485
504,7612,0,0,0.793227498614753,1.56095234250291,1.17708992055883,884,422,2500000.00001485
505,7608,0,0,0.793262032657656,1.56507854624935,1.1791702894535,820,422,2500000.00001485
506,7612,0,0,0.790335930494575,1.56500218288253,1.17766905668855,296,422,2500000.00001485
507,7608,0,0,0.789068226710135,1.57050006674406,1.1797841467271,564,422,2500000.00001485
508,7608,0,0,0.787428970791964,1.56388877741587,1.17565887410392,1004,422,2500000.00001485
509,7612,0,0,0.789398034319392,1.56811341981243,1.17875572706591,360,422,2500000.00001485
510,7612,0,0,0.787946489554113,1.57050006674406,1.17922327814909,952,422,2500000.00001485
511,7608,0,0,0.791017254699117,1.57891882958913,1.18496804214412,368,422,2500000.00001485
512,7612,0,0,0.795429042396333,1.55749737513592,1.17646320876613,180,422,2500000.00001485
513,7612,0,0,0.78845923471153,1.57019504908743,1.17932714189948,912,422,2500000.00001485
514,7612,0,0,0.790759804828858,1.56513613348802,1.17794796915844,488,422,2500000.00001485
515,7612,0,0,0.790250498555405,1.55965676370238,1.17495363112889,952,422,2500000.00001485
516,7608,0,0,0.785357011521927,1.56835451460993,1.17685576306593,1020,422,2500000.00001485
517,7608,0,0,0.789909247835452,1.55861933350564,1.17426429067055,68,422,2500000.00001485
518,7612,0,0,0.790884815300665,1.56667794744109,1.17878138137088,64,422,2500000.00001485
519,7608,0,0,0.790335765160268,1.563134737243,1.17673525120163,332,422,2500000.00001485
520,7608,0,0,0.786149930810056,1.56367574561305,1.17491283821155,256,422,2500000.00001485
521,7612,0,0,0.792038142094956,1.56508638121825,1.1785622616566,92,422,2500000.00001485
522,7612,0,0,0.790506316597772,1.572773106226,1.18163971141189,208,422,2500000.00001485
523,7608,0,0,0.788369952206904,1.57409761728859,1.18123378474775,672,422,2500000.00001485
524,7608,0,0,0.789056082023722,1.56459716950179,1.17682662576276,68,422,2500000.00001485
525,7608,0,0,0.787433725894738,1.5627389025178,1.17508631420627,608,422,2500000.00001485
526,7612,0,0,0.790676665983781,1.56654947795612,1.17861307196995,252,422,2500000.00001485
527,7608,0,0,0.787561966629891,1.55939385173222,1.17347790918105,704,422,2500000.00001485
528,7612,0,0,0.791234698927127,1.56737482483856,1.17930476188284,832,422,2500000.00001485
529,7612,0,0,0.791527862985555,1.57023865149179,1.18088325723867,768,422,2500000.00001485
530,7612,0,0,0.790588628249898,1.56502949544348,1.17780906184669,984,422,2500000.00001485
531,7612,0,0,0.788459253213488,1.56975654030017,1.17910789675683,596,422,2500000.00001485
532,7608,0,0,0.793736703218224,1.56485455850653,1.17929563086238,948,422,2500000.00001485
533,7608,0,0,0.791187494075822,1.56757973684191,1.17938361545887,400,422,2500000.00001485
534,7608,0,0,0.787893389813951,1.56439967961366,1.17614653471381,832,422,2500000.00001485
535,7612,0,0,0.790636945529942,1.56166248004324,1.17614971278659,552,422,2500000.00001485
536,7608,0,0,0.791343927543888,1.56207356155802,1.17670874455095,996,422,2500000.00001485
537,7608,0,0,0.789142197692515,1.56154244624326,1.17534232196789,92,422,2500000.00001485
538,7608,0,0,0.791782015960826,1.56207356155802,1.17692778875942,536,422,2500000.00001485
539,7612,0,0,0.789404120673263,1.56033102737914,1.1748675740262,128,422,2500000.00001485
540,7608,0,0,0.785290432616574,1.56487178763055,1.17508111012356,196,422,2500000.00001485
541,7612,0,0,0.791527862985555,1.55737115706664,1.1744495100261,336,422,2500000.00001485
542,7608,0,0,0.790930100489412,1.56421758267727,1.17757384158334,72,422,2500000.00001485
543,7612,0,0,0.794261888004319,1.5548577308947,1.17455980944951,328,422,2500000.00001485
544,7608,0,0,0.786492107001314,1.56310781916078,1.17479996308105,136,422,2500000.00001485
545,7612,0,0,0.788031885336899,1.56361827683005,1.17582508108347,104,422,2500000.00001485
546,7612,0,0,0.791526284654036,1.55995018994393,1.17573823729898,528,422,2500000.00001485
547,7608,0,0,0.787262507517399,1.57574397682342,1.18150324217041,908,422,2500000.00001485
548,7608,0,0,0.786982580197324,1.57234457366763,1.17966357693248,248,422,2500000.00001485
549,7608,0,0,0.790845805239736,1.56472605052272,1.17778592788123,844,422,2500000.00001485
550,7612,0,0,0.789140937932146,1.56594850537297,1.17754472165256,824,422,2500000.00001485
551,7612,0,0,0.787091586523429,1.56423018922643,1.17566088787493,96,422,2500000.00001485
552,7608,0,0,0.789483448388548,1.56103861871369,1.17526103355112,36,422,2500000.00001485
553,7612,0,0,0.791356214571482,1.56438216012897,1.17786918735023,980,422,2500000.00001485
554,7612,0,0,0.790506316597772,1.56722896819623,1.178867642397,784,422,2500000.00001485
555,7608,0,0,0.790431101912042,1.56885961957442,1.17964536074323,448,422,2500000.00001485
556,7612,0,0,0.792382516836715,1.56228871674183,1.17733561678927,96,422,2500000.00001485
557,7612,0,0,0.787073712280537,1.56503941314322,1.17605656271188,652,422,2500000.00001485
558,7608,0,0,0.788799616772588,1.55862107957917,1.17371034817588,280,422,2500000.00001485
559,7612,0,0,0.787098359202767,1.56306447693701,1.17508141806989,216,422,2500000.00001485
560,7608,0,0,0.787433725894738,1.56500218288253,1.17621795438863,180,422,2500000.00001485
561,7608,0,0,0.788116058430798,1.56194638250751,1.17503122046915,68,422,2500000.00001485
562,7612,0,0,0.786572712814036,1.56706614973111,1.17681943127257,72,422,2500000.00001485
563,7612,1,0.000131371518654756,0.789396817536667,1.56338114521801,1.17638898137734,972,422,2500000.00001485
564,7608,0,0,0.789290248421115,1.56689425633403,1.17809225237757,396,422,2500000.00001485
565,7612,0,0,0.788194172248563,1.56577152246646,1.17698284735751,128,422,2500000.00001485
566,7612,0,0,0.788543317282506,1.56882189260214,1.17868260494232,800,422,2500000.00001485
567,7608,0,0,0.792535777444884,1.56250458542361,1.17752018143425,628,422,2500000.00001485
568,7608,0,0,0.788499327415614,1.56776343835508,1.17813138288535,536,422,2500000.00001485
569,7612,0,0,0.787760115214548,1.56715825393354,1.17745918457405,696,422,2500000.00001485
570,7612,0,0,0.790165507650439,1.55272996932616,1.1714477384883,852,422,2500000.00001485
571,7608,0,0,0.794067212940782,1.56955254578773,1.18180987936426,20,422,2500000.00001485
572,7612,0,0,0.792633011552292,1.56431358877467,1.17847330016348,892,422,2500000.00001485
573,7612,0,0,0.793221629498486,1.56779161435452,1.1805066219265,576,422,2500000.00001485
574,7608,0,0,0.794923536503661,1.56371082018809,1.17931717834588,444,422,2500000.00001485
575,7608,0,0,0.789676754863317,1.57503847502414,1.18235761494373,836,422,2500000.00001485
576,7608,0,0,0.786662915977968,1.56483006276291,1.17574648937044,980,422,2500000.00001485
577,7608,0,0,0.788288424644001,1.56775206388259,1.17802024426329,248,422,2500000.00001485
578,7608,0,0,0.787223340955421,1.56706614973111,1.17714474534327,356,422,2500000.00001485
579,7608,0,0,0.789389627265487,1.56749580075493,1.17844271401021,64,422,2500000.00001485
580,7612,0,0,0.789225490296927,1.5666201094784,1.17792279988766,340,422,2500000.00001485
581,7612,0,0,0.790169774146386,1.56121115683179,1.17569046548909,212,422,2500000.00001485
582,7612,0,0,0.79046252477282,1.56415060203589,1.17730656340435,568,422,2500000.00001485
583,7612,0,0,0.790967701436324,1.56034827545441,1.17565798844537,36,422,2500000.00001485
584,7612,0,0,0.788459253213488,1.56576960024377,1.17711442672863,860,422,2500000.00001485
585,7612,0,0,0.7927133426458,1.55595920195164,1.17433627229872,904,422,2500000.00001485
586,7612,0,0,0.795092939496848,1.56008931797599,1.17759112873642,464,422,2500000.00001485
587,7608,0,0,0.789799351581439,1.56852648303666,1.17916291730905,632,422,2500000.00001485
588,7608,0,0,0.791270947966619,1.5594847229492,1.17537783545791,116,422,2500000.00001485
589,7612,0,0,0.789824533238033,1.55946729724438,1.17464591524121,776,422,2500000.00001485
590,7612,0,0,0.792374044073935,1.56047760383139,1.17642582395266,748,422,2500000.00001485
591,7612,0,0,0.786205728868937,1.56878404780202,1.17749488833548,624,422,2500000.00001485
592,7612,0,0,0.789447763794352,1.56332319803007,1.17638548091221,932,422,2500000.00001485
593,7612,0,0,0.789397776214749,1.56719118380799,1.17829448001137,964,422,2500000.00001485
594,7608,0,0,0.789824551644208,1.56491612518909,1.17737033841665,988,422,2500000.00001485
595,7608,0,0,0.790335930494575,1.55697846878298,1.17365719963878,236,422,2500000.00001485
596,7612,0,0,0.787423026711584,1.57234670193615,1.17988486432387,728,422,2500000.00001485
597,7608,0,0,0.790165507650439,1.56693557608708,1.17855054186876,980,422,2500000.00001485
598,7608,0,0,0.785207136432774,1.56911923043609,1.17716318343443,532,422,2500000.00001485
599,7612,0,0,0.790397982544974,1.55987335283443,1.1751356676897,564,422,2500000.00001485
600,7608,0,0,0.789142197692515,1.5633541517649,1.17624817472871,376,422,2500000.00001485
601,7612,0,0,0.795939413642138,1.57529486138724,1.18561713751469,948,422,2500000.00001485
602,7608,0,0,0.788101977883505,1.56904009992398,1.17857103890374,88,422,2500000.00001485
603,7612,0,0,0.791866259179677,1.56646444031818,1.17916534974893,136,422,2500000.00001485
604,7608,0,0,0.786235568060469,1.56435443110236,1.17529499958142,980,422,2500000.00001485
605,7612,0,0,0.791693313887646,1.57735891827054,1.18452611607909,364,422,2500000.00001485
606,7608,0,0,0.78674661664912,1.56457184708016,1.17565923186464,52,422,2500000.00001485
607,7612,0,0,0.792038142094956,1.56831178461956,1.18017496335726,212,422,2500000.00001485
608,7612,0,0,0.790761712285198,1.56921322846494,1.17998747037507,836,422,2500000.00001485
609,7608,0,0,0.78802506538179,1.56378910781092,1.17590708659635,272,422,2500000.00001485
610,7612,0,0,0.789286208994287,1.56654584595776,1.17791602747602,352,422,2500000.00001485
611,7608,0,0,0.786920461054176,1.56278545942849,1.17485296024133,320,422,2500000.00001485
612,7612,0,0,0.789823373644655,1.56066962807087,1.17524650085776,252,422,2500000.00001485
613,7612,0,0,0.788166317961991,1.57169892954711,1.17993262375455,896,422,2500000.00001485
614,7608,0,0,0.788288424644001,1.56564615980736,1.17696729222568,880,422,2500000.00001485
615,7608,0,0,0.791697992565808,1.56912740172336,1.18041269714458,948,422,2500000.00001485
616,7612,0,0,0.789483448388548,1.56348160270805,1.1764825255483,136,422,2500000.00001485
617,7612,0,0,0.788715311168258,1.56314460082818,1.17592995599822,864,422,2500000.00001485
618,7608,0,0,0.789650905744582,1.56692997053167,1.17829043813812,56,422,2500000.00001485
619,7612,0,0,0.793396628193272,1.56543205996592,1.17941434407959,324,422,2500000.00001485
620,7608,0,0,0.791921284402296,1.56525033610556,1.17858581025393,848,422,2500000.00001485
621,7612,0,0,0.791187329274794,1.56443061457368,1.17780897192424,688,422,2500000.00001485
622,7608,0,0,0.79254809266314,1.57683309908235,1.18469059587274,744,422,2500000.00001485
623,7612,0,0,0.788221760194559,1.57257701303841,1.18039938661648,988,422,2500000.00001485
624,7612,0,0,0.793567010708915,1.5700619377985,1.18181447425371,472,422,2500000.00001485
625,7608,0,0,0.792803727687058,1.55628208038051,1.17454290403378,876,422,2500000.00001485
626,7612,0,0,0.793384043705535,1.57418317304686,1.1837836083762,604,422,2500000.00001485
627,7612,0,0,0.79313341866288,1.5668507843502,1.17999210150654,100,422,2500000.00001485
628,7608,0,0,0.78863004477906,1.56797907845906,1.17830456161906,436,422,2500000.00001485
629,7608,0,0,0.793350044254591,1.5678394368,1.1805947405273,8,422,2500000.00001485
630,7612,0,0,0.790657877816825,1.56886989332715,1.17976388557199,920,422,2500000.00001485
631,7612,0,0,0.789803272673428,1.56869925422976,1.17925126345159,468,422,2500000.00001485
632,7608,0,0,0.792709974519524,1.56375268214338,1.17823132833145,304,422,2500000.00001485
633,7612,0,0,0.78863004477906,1.57024278345495,1.17943641411701,376,422,2500000.00001485
634,7608,0,0,0.785495154188968,1.57097035156179,1.17823275287538,76,422,2500000.00001485
635,7608,0,0,0.791697992565807,1.56267696168156,1.17718747712368,676,422,2500000.00001485
636,7608,0,0,0.789822711016045,1.56435661998072,1.17708966549838,692,422,2500000.00001485
637,7608,0,0,0.791868085594425,1.56405851606666,1.17796330083055,396,422,2500000.00001485
638,7608,0,0,0.792972760035681,1.56543240038602,1.17920258021085,1020,422,2500000.00001485
639,7608,0,0,0.794942166850981,1.57486745178948,1.18490480932023,304,422,2500000.00001485
640,7612,0,0,0.791009174031722,1.56150018492718,1.17625467947945,248,422,2500000.00001485
641,7612,0,0,0.794923536503661,1.55983031750638,1.17737692700502,64,422,2500000.00001485
642,7608,0,0,0.792694407384692,1.57212854980051,1.1824114785926,308,422,2500000.00001485
643,7608,0,0,0.790498972990125,1.56559945361313,1.17804921330163,600,422,2500000.00001485
644,7608,0,0,0.793910598539445,1.55490111166202,1.17440585510073,956,422,2500000.00001485
645,7608,0,0,0.785107401057809,1.56826887597012,1.17668813851397,292,422,2500000.00001485
646,7608,0,0,0.793642677265625,1.56213354719773,1.17788811223168,156,422,2500000.00001485
647,7612,0,0,0.789142197692515,1.56452013893801,1.17683116831526,68,422,2500000.00001485
648,7612,0,0,0.790502718272646,1.56069253100177,1.17559762463721,248,422,2500000.00001485
649,7608,0,0,0.791269594698017,1.55968002932603,1.17547481201202,1008,422,2500000.00001485
650,7608,0,0,0.786708155091713,1.57108002591969,1.1788940905057,648,422,2500000.00001485
651,7612,0,0,0.78902192725169,1.57144274188543,1.18023233456856,620,422,2500000.00001485
652,7608,0,0,0.792117568594682,1.56491578443196,1.17851667651332,988,422,2500000.00001485
653,7608,0,0,0.791187494075821,1.57502438003135,1.18310593705359,304,422,2500000.00001485
654,7612,0,0,0.78947532053068,1.56267696168156,1.17607614110612,840,422,2500000.00001485
655,7612,0,0,0.796108600468077,1.56534423836202,1.18072641941505,676,422,2500000.00001485
656,7612,0,0,0.793309093377594,1.56586249968814,1.17958579653287,752,422,2500000.00001485
657,7608,0,0,0.788015984005182,1.56895573415524,1.17848585908021,532,422,2500000.00001485
658,7612,0,0,0.78835307161754,1.56211524123072,1.17523415642413,88,422,2500000.00001485
659,7612,0,0,0.788459253213488,1.56908100690412,1.1787701300588,128,422,2500000.00001485
660,7612,0,0,0.784861344098482,1.56193972780485,1.17340053595166,408,422,2500000.00001485
661,7612,0,0,0.791681543476515,1.56838090015813,1.18003122181732,48,422,2500000.00001485
662,7612,0,0,0.791271277465258,1.57420974084934,1.1827405091573,804,422,2500000.00001485
663,7608,0,0,0.792378145605828,1.56953279676655,1.18095547118619,460,422,2500000.00001485
664,7612,0,0,0.786406861220683,1.568096999167,1.17725193019384,392,422,2500000.00001485
665,7608,0,0,0.789114126720165,1.5622459853746,1.17568005604738,472,422,2500000.00001485
666,7608,0,0,0.791105273669212,1.567363054535,1.17923416410211,488,422,2500000.00001485
667,7612,0,0,0.792535777444884,1.55911738671778,1.17582658208133,576,422,2500000.00001485
668,7612,0,0,0.786920461054176,1.57533583681534,1.18112814893476,532,422,2500000.00001485
669,7612,0,0,0.792708372358668,1.57034962226154,1.1815289973101,820,422,2500000.00001485
670,7612,0,0,0.792523151531062,1.56455981650985,1.17854148402046,572,422,2500000.00001485
671,7612,0,0,0.792208162090925,1.57567961843166,1.18394389026129,176,422,2500000.00001485
672,7612,0,0,0.791187494075822,1.56267696168156,1.17693222787869,632,422,2500000.00001485
673,7608,0,0,0.787262674795534,1.56912740172336,1.17819503825945,452,422,2500000.00001485
674,7608,0,0,0.795516176569493,1.56910485681092,1.18231051669021,628,422,2500000.00001485
675,7612,0,0,0.791697992565808,1.56740023337117,1.17954911296849,588,422,2500000.00001485
676,7608,0,0,0.789739174566484,1.56190071647017,1.17581994551832,244,422,2500000.00001485
677,7612,0,0,0.790335269156311,1.56254636849004,1.17644081882318,884,422,2500000.00001485
678,7612,0,0,0.791015037595636,1.56276314268048,1.17688909013806,280,422,2500000.00001485
679,7608,0,0,0.788544279076911,1.57417078382901,1.18135753145296,804,422,2500000.00001485
680,7612,0,0,0.790670721531742,1.56138370387936,1.17602721270555,448,422,2500000.00001485
681,7612,0,0,0.791697097048264,1.55862046641866,1.17515878173346,696,422,2500000.00001485
682,7608,0,0,0.793134981893533,1.56323704790632,1.17818601489993,600,422,2500000.00001485
683,7612,0,0,0.790846520303696,1.57258452671499,1.18171552350934,4,422,2500000.00001485
684,7612,0,0,0.789483448388548,1.56266464137978,1.17607404488416,920,422,2500000.00001485
685,7608,0,0,0.789654018434481,1.56439795281782,1.17702598562615,872,422,2500000.00001485
686,7608,0,0,0.790506316597772,1.57032854923503,1.1804174329164,740,422,2500000.00001485
687,7612,0,0,0.788621095394953,1.57165695533005,1.1801390253625,652,422,2500000.00001485
688,7608,0,0,0.790852268144909,1.56895573415524,1.17990400115007,420,422,2500000.00001485
689,7608,0,0,0.792113079757307,1.55925110289865,1.17568209132798,472,422,2500000.00001485
690,7608,0,0,0.78709067519074,1.56194413065373,1.17451740292224,312,422,2500000.00001485
691,7612,0,0,0.792691712567547,1.56098152770749,1.17683662013752,236,422,2500000.00001485
692,7612,0,0,0.792451273786225,1.56414531227089,1.17829829302856,140,422,2500000.00001485
693,7612,0,0,0.792631044728522,1.56560384929353,1.17911744701103,500,422,2500000.00001485
694,7612,0,0,0.789694216874919,1.56353855791049,1.17661638739271,0,422,2500000.00001485
695,7612,0,0,0.785892907053675,1.56983118030616,1.17786204367992,640,422,2500000.00001485
696,7608,0,0,0.788800799364752,1.56895569658505,1.1788782479749,572,422,2500000.00001485
697,7608,0,0,0.792788161702566,1.56199759883811,1.17739288027034,752,422,2500000.00001485
698,7608,0,0,0.791017254699117,1.56801122658157,1.17951424064034,472,422,2500000.00001485
699,7612,0,0,0.788459253213488,1.56788119482057,1.17817022401703,936,422,2500000.00001485
700,7608,0,0,0.788371803038777,1.56944331762158,1.17890756033018,868,422,2500000.00001485
701,7608,0,0,0.792887877498756,1.56740987997208,1.18014887873542,256,422,2500000.00001485
702,7608,0,0,0.791091383729396,1.56339758859085,1.17724448616012,524,422,2500000.00001485
703,7612,0,0,0.792208162090925,1.56886989332715,1.18053902770904,92,422,2500000.00001485
704,7612,0,0,0.79387589054373,1.56830868124426,1.18109228589399,740,422,2500000.00001485
705,7608,0,0,0.788654302343347,1.57229987095285,1.1804770866481,24,422,2500000.00001485
706,7612,0,0,0.791697992565807,1.5696422917788,1.1806701421723,112,422,2500000.00001485
707,7612,0,0,0.790931750108123,1.55905305793607,1.17499240402209,980,422,2500000.00001485
708,7608,0,0,0.786148586889374,1.56577648927915,1.17596253808426,100,422,2500000.00001485
709,7612,0,0,0.792038142094956,1.56052088989993,1.17627951599744,544,422,2500000.00001485
710,7608,0,0,0.791442414037352,1.56732395447905,1.1793831842582,12,422,2500000.00001485
711,7608,0,0,0.790846978676329,1.56938182716299,1.18011440291966,488,422,2500000.00001485
712,7608,0,0,0.788285295749014,1.57119981148517,1.17974255361709,876,422,2500000.00001485
713,7612,0,0,0.793521636747801,1.56237519502713,1.17794841588747,440,422,2500000.00001485
714,7608,0,0,0.792038142094956,1.56543228454866,1.17873521332181,520,422,2500000.00001485
715,7612,0,0,0.791782819840825,1.5668242211181,1.17930352047946,300,422,2500000.00001485
716,7608,0,0,0.787528690540714,1.56981388426816,1.17867128740444,748,422,2500000.00001485
717,7608,0,0,0.79152784469795,1.56413991169923,1.17783387819859,372,422,2500000.00001485
718,7608,0,0,0.794752290812144,1.56310781916078,1.17893005498646,204,422,2500000.00001485
719,7608,0,0,0.791509135371743,1.56610008237521,1.17880460887348,792,422,2500000.00001485
720,7612,0,0,0.789483448388548,1.57146245839428,1.18047295339142,156,422,2500000.00001485
721,7608,0,0,0.790404043610822,1.57242167297306,1.18141285829194,0,422,2500000.00001485
722,7612,0,0,0.793397281905625,1.56507257854485,1.17923493022524,284,422,2500000.00001485
723,7608,0,0,0.792015781473287,1.56745065030136,1.17973321588733,104,422,2500000.00001485
724,7608,0,0,0.791165436511399,1.56732395447905,1.17924469549522,856,422,2500000.00001485
725,7608,0,0,0.791357696830092,1.56959535159432,1.18047652421221,244,422,2500000.00001485
726,7608,0,0,0.791185662943652,1.56937923456417,1.18028244875391,988,422,2500000.00001485
727,7612,0,0,0.788971516994576,1.56792533404355,1.17844842551907,996,422,2500000.00001485
728,7608,0,0,0.789654018434481,1.5709630814983,1.18030854996639,84,422,2500000.00001485
729,7608,0,0,0.791868085594425,1.57072393436706,1.18129600998074,920,422,2500000.00001485
730,7612,0,0,0.791697992565808,1.5669802053896,1.1793390989777,92,422,2500000.00001485
731,7608,0,0,0.792423716258323,1.56689425633403,1.17965898629618,292,422,2500000.00001485
732,7608,0,0,0.790506316597772,1.56775353485013,1.17912992572395,972,422,2500000.00001485
733,7608,0,0,0.789824551644208,1.57118460276601,1.18050457720511,732,422,2500000.00001485
734,7612,0,0,0.794075979447959,1.57084304557906,1.18245951251351,348,422,2500000.00001485
735,7608,0,0,0.791867628992713,1.57349859672701,1.18268311285986,172,422,2500000.00001485
736,7612,0,0,0.792791110270414,1.57679022653866,1.18479066840454,328,422,2500000.00001485
737,7608,0,0,0.79254809266314,1.56358642728886,1.178067259976,120,422,2500000.00001485
738,7608,0,0,0.79331229035849,1.57311670391117,1.18321449713483,556,422,2500000.00001485
739,7612,0,0,0.791336541305991,1.57666032454096,1.18399843292348,560,422,2500000.00001485
740,7608,0,0,0.791357696830092,1.56043458506398,1.17589614094704,772,422,2500000.00001485
741,7608,0,0,0.792370853920181,1.57715540364695,1.18476312878357,204,422,2500000.00001485
742,7612,0,0,0.794221622888534,1.56667261270042,1.18044711779448,804,422,2500000.00001485
743,7612,0,0,0.7914422311018,1.56722581122899,1.1793340211654,116,422,2500000.00001485
744,7608,0,0,0.789142197692515,1.56929905051255,1.17922062410253,952,422,2500000.00001485
745,7612,0,0,0.790271969952557,1.56929905051255,1.17978551023255,416,422,2500000.00001485
746,7612,0,0,0.789731179988758,1.56816419702038,1.17894768850457,608,422,2500000.00001485
747,7608,0,0,0.792718003286309,1.56394492322028,1.1783314632533,140,422,2500000.00001485
748,7612,0,0,0.793816600025851,1.56119702619413,1.17750681310999,824,422,2500000.00001485
749,7608,0,0,0.792208162090925,1.56067372925046,1.17644094567069,196,422,2500000.00001485
750,7612,0,0,0.789312841482529,1.56439967013881,1.17685625581067,976,422,2500000.00001485
751,7612,0,0,0.796362201084026,1.57386589746476,1.18511404927439,260,422,2500000.00001485
752,7608,0,0,0.791184857238785,1.56654192055098,1.17886338889488,632,422,2500000.00001485
753,7612,0,0,0.788193620442247,1.57071436649958,1.17945399347091,4,422,2500000.00001485
754,7612,0,0,0.793057642595967,1.56648586077277,1.17977175168437,752,422,2500000.00001485
755,7612,0,0,0.794753645756447,1.56840447610089,1.18157906092867,100,422,2500000.00001485
756,7612,0,0,0.793736413052298,1.56852595427161,1.18113118366195,432,422,2500000.00001485
757,7608,0,0,0.791187494075821,1.57075730789128,1.18097240098355,848,422,2500000.00001485
758,7608,0,0,0.791268751291488,1.56619589752028,1.17873232440589,168,422,2500000.00001485
759,7612,0,0,0.795081662404223,1.57460879146691,1.18484522693557,788,422,2500000.00001485
760,7612,0,0,0.795262306404615,1.56305633130727,1.17915931885594,244,422,2500000.00001485
761,7608,0,0,0.794844872749085,1.57606422470957,1.18545454872933,984,422,2500000.00001485
762,7612,0,0,0.796442270816731,1.57326424586534,1.18485325834103,360,422,2500000.00001485
763,7612,0,0,0.792718003286309,1.57152877868848,1.18212339098739,124,422,2500000.00001485
764,7612,0,0,0.792378145605828,1.57512397967799,1.18375106264191,100,422,2500000.00001485
765,7612,0,0,0.791868085594425,1.57366973149251,1.18276890854347,528,422,2500000.00001485
766,7608,0,0,0.793397281905625,1.57373300115021,1.18356514152792,56,422,2500000.00001485
767,7612,0,0,0.793227516785054,1.57520271368022,1.18421511523264,360,422,2500000.00001485
768,7608,0,0,0.788453258465597,1.5687786358723,1.17861594716895,936,422,2500000.00001485
769,7612,0,0,0.792285495105269,1.57091420590759,1.18159985050643,640,422,2500000.00001485
770,7612,0,0,0.792208162090925,1.57032854923503,1.18126835566298,264,422,2500000.00001485
771,7612,0,0,0.787774807710846,1.56659336861015,1.1771840881605,548,422,2500000.00001485
772,7608,0,0,0.790932006713932,1.56228858831209,1.17661029751301,484,422,2500000.00001485
773,7612,0,0,0.788800799364752,1.56435293867652,1.17657686902064,424,422,2500000.00001485
774,7612,0,0,0.793227516785054,1.5734080771559,1.18331779697048,372,422,2500000.00001485
775,7608,0,0,0.788800799364752,1.57152833935538,1.18016456936007,220,422,2500000.00001485
776,7608,0,0,0.795516176569493,1.56947068052898,1.18249342854924,772,422,2500000.00001485
777,7608,0,0,0.793638141645784,1.57109999671577,1.18236906918078,664,422,2500000.00001485
778,7608,0,0,0.788288424644001,1.57039535522915,1.17934188993658,520,422,2500000.00001485
779,7612,0,0,0.789654000016378,1.57180017715168,1.18072708858403,596,422,2500000.00001485
780,7612,0,0,0.791697992565808,1.56977523595147,1.18073661425864,916,422,2500000.00001485
781,7612,0,0,0.789653944762057,1.57418305913058,1.18191850194632,408,422,2500000.00001485
782,7612,0,0,0.799145688297086,1.56663466146495,1.18289017488102,40,422,2500000.00001485
783,7612,0,0,0.794391665794771,1.57135737346589,1.18287451963033,1012,422,2500000.00001485
784,7608,0,0,0.79042108681711,1.57152877868848,1.1809749327528,668,422,2500000.00001485
785,7612,0,0,0.792543993769216,1.57549319909701,1.18401859643311,288,422,2500000.00001485
786,7612,0,0,0.79157167886691,1.57892424850716,1.18524796368703,560,422,2500000.00001485
787,7612,0,0,0.792026734008913,1.57998743810146,1.18600708605519,756,422,2500000.00001485
788,7608,0,0,0.78922309201077,1.56650067463812,1.17786188332445,124,422,2500000.00001485
789,7612,0,0,0.794075979447959,1.57083966705848,1.18245782325322,312,422,2500000.00001485
790,7612,0,0,0.792119831212462,1.56813405882534,1.1801269450189,968,422,2500000.00001485
791,7612,0,0,0.794415110780715,1.57161447428953,1.18301479253512,448,422,2500000.00001485
792,7612,0,0,0.795770190845786,1.57204288222288,1.18390653653433,772,422,2500000.00001485
793,7612,0,0,0.794239028793079,1.57348209995701,1.18386056437504,192,422,2500000.00001485
794,7608,0,0,0.794245563214857,1.57015701299013,1.1822012881025,212,422,2500000.00001485
795,7608,0,0,0.792208162090925,1.57503312731127,1.1836206447011,992,422,2500000.00001485
796,7612,0,0,0.791610916774917,1.56688989744024,1.17925040710758,464,422,2500000.00001485
797,7608,0,0,0.790731740552359,1.56779989420296,1.17926581737766,700,422,2500000.00001485
798,7612,0,0,0.791525229548732,1.56465792370923,1.17809157662898,136,422,2500000.00001485
799,7608,0,0,0.790670721531742,1.56508811993023,1.17787942073098,460,422,2500000.00001485
800,7608,0,0,0.791357696830092,1.57743085338578,1.18439427510794,292,422,2500000.00001485
801,7608,0,0,0.790506316597772,1.56573194597702,1.1781191312874,816,422,2500000.00001485
802,7612,0,0,0.78989588866714,1.56882660416487,1.179361246416,320,422,2500000.00001485
803,7608,0,0,0.796275955107512,1.57318501092079,1.18473048301415,276,422,2500000.00001485
804,7612,0,0,0.79254809266314,1.57311093101452,1.18282951183883,440,422,2500000.00001485
805,7612,0,0,0.793371058664046,1.57533556308735,1.1843533108757,864,422,2500000.00001485
806,7612,0,0,0.790421123546173,1.57019438847482,1.1803077560105,800,422,2500000.00001485
807,7612,0,0,0.789312177569288,1.57324141020786,1.18127679388858,132,422,2500000.00001485
808,7608,0,0,0.788916562585518,1.57128135708522,1.18009895983537,1008,422,2500000.00001485
809,7608,0,0,0.792630027491864,1.56715208935934,1.1798910584256,944,422,2500000.00001485
810,7608,0,0,0.78990048905924,1.56762410752075,1.17876229828999,832,422,2500000.00001485
811,7608,0,0,0.796855494354943,1.57139639291651,1.18412594363573,532,422,2500000.00001485
812,7608,0,0,0.793211162671764,1.56603450633442,1.17962283450309,152,422,2500000.00001485
813,7608,0,0,0.789479836058927,1.58016056488618,1.18482020047255,944,422,2500000.00001485
814,7612,0,0,0.791562535366332,1.58177887308872,1.18667070422753,1008,422,2500000.00001485
815,7608,0,0,0.794245563214857,1.57606422470957,1.18515489396221,692,422,2500000.00001485
816,7612,0,0,0.796192421248936,1.56386225982899,1.18002734053896,816,422,2500000.00001485
817,7608,0,0,0.790846960341449,1.58268245302026,1.18676470668086,188,422,2500000.00001485
818,7612,0,0,0.794408580541974,1.57214339825549,1.18327598939873,124,422,2500000.00001485
819,7612,0,0,0.79305771532388,1.56871692132488,1.18088731832438,380,422,2500000.00001485
820,7612,0,0,0.792367645472205,1.57479263358875,1.18358013953048,980,422,2500000.00001485
821,7608,0,0,0.792763588171122,1.56652800012563,1.17964579414838,288,422,2500000.00001485
822,7612,0,0,0.790506316597772,1.57486741464079,1.18268686561928,240,422,2500000.00001485
823,7612,0,0,0.791187494075821,1.57377779575846,1.18248264491714,76,422,2500000.00001485
824,7608,0,0,0.791697992565807,1.56684177341835,1.17926988299208,988,422,2500000.00001485
825,7612,0,0,0.793312363016398,1.57400624287659,1.1836593029465,680,422,2500000.00001485
826,7612,0,0,0.794546317018504,1.57170001572319,1.18312316637085,412,422,2500000.00001485
827,7608,0,0,0.795515275870386,1.57196724083147,1.18374125835093,140,422,2500000.00001485
828,7612,0,0,0.794065546525178,1.58023354522502,1.1871495458751,872,422,2500000.00001485
829,7612,0,0,0.794923536503661,1.57286578677339,1.18389466163853,952,422,2500000.00001485
830,7612,0,0,0.796953995843231,1.55853405627754,1.17774402606039,28,422,2500000.00001485
831,7612,0,0,0.79669971372153,1.5777723255953,1.18723601965841,644,422,2500000.00001485
832,7612,0,0,0.793736703218224,1.56495913983877,1.1793479215285,452,422,2500000.00001485
833,7612,0,0,0.791690682070424,1.57110023056928,1.18139545631985,96,422,2500000.00001485
834,7608,0,0,0.791953004295691,1.57813872770409,1.18504586599989,828,422,2500000.00001485
835,7608,0,0,0.795822993275851,1.57871099333195,1.1872669933039,1008,422,2500000.00001485
836,7612,0,0,0.795430177650027,1.56576211568789,1.18059614666896,640,422,2500000.00001485
837,7612,0,0,0.791868085594425,1.57753999466161,1.18470404012802,540,422,2500000.00001485
838,7612,0,0,0.790335912124105,1.56241291181425,1.17637441196918,944,422,2500000.00001485
839,7608,0,0,0.797538441624071,1.57887651037594,1.188207476,388,422,2500000.00001485
840,7612,0,0,0.790851802753429,1.56991022201136,1.1803810123824,976,422,2500000.00001485
841,7608,0,0,0.793227516785054,1.5751787924877,1.18420315463638,944,422,2500000.00001485
842,7608,0,0,0.792969959086588,1.56697884773807,1.17997440341233,732,422,2500000.00001485
843,7612,0,0,0.79492288654948,1.57523829259874,1.18508058957411,756,422,2500000.00001485
844,7608,0,0,0.789788913270552,1.58297064975307,1.18637978151181,800,422,2500000.00001485
845,7608,0,0,0.793292017502357,1.56194405925668,1.17761803837952,84,422,2500000.00001485
846,7608,0,0,0.787946656397005,1.56483006276291,1.17638835957996,92,422,2500000.00001485
847,7608,0,0,0.792800538039155,1.57319170684808,1.18299612244362,20,422,2500000.00001485
848,7608,0,0,0.79394812888673,1.57951797574868,1.18673305231771,240,422,2500000.00001485
849,7608,0,0,0.790335930494575,1.56426401113061,1.17729997081259,652,422,2500000.00001485
850,7612,0,0,0.798633484945102,1.57384092210835,1.18623720352673,572,422,2500000.00001485
851,7612,0,0,0.789481605373557,1.57221421271025,1.1808479090419,80,422,2500000.00001485
852,7608,0,0,0.797032355937712,1.56594850537297,1.18149043065534,304,422,2500000.00001485
853,7612,0,0,0.792257598221423,1.57413911175898,1.1831983549902,504,422,2500000.00001485
854,7608,0,0,0.792462353769504,1.56996202193576,1.18121218785263,304,422,2500000.00001485
855,7612,0,0,0.794159141754463,1.57425601257507,1.18420757716477,224,422,2500000.00001485
856,7612,0,0,0.797291903001023,1.57811372391707,1.18770281345905,644,422,2500000.00001485
857,7608,0,0,0.791424631713085,1.57409761728859,1.18276112450084,360,422,2500000.00001485
858,7612,0,0,0.795854586352512,1.56958870500281,1.18272164567766,764,422,2500000.00001485
859,7608,0,0,0.792027628432541,1.56692484105416,1.17947623474335,12,422,2500000.00001485
860,7608,0,0,0.794328708464223,1.57163419202348,1.18298145024385,344,422,2500000.00001485
861,7612,0,0,0.797349840505502,1.57653296525386,1.18694140287968,588,422,2500000.00001485
862,7612,0,0,0.793371058664046,1.5742174403329,1.18379424949847,584,422,2500000.00001485
863,7612,0,0,0.791697992565807,1.58175427335407,1.18672613295994,580,422,2500000.00001485
864,7608,0,0,0.790245720609309,1.56998545800323,1.18011558930627,996,422,2500000.00001485
865,7612,0,0,0.789397923703168,1.5662904960065,1.17784420985483,976,422,2500000.00001485
866,7608,0,0,0.793055897116037,1.56478123009349,1.17891856360476,124,422,2500000.00001485
867,7608,0,0,0.794754079336184,1.56998545800323,1.18236976866971,448,422,2500000.00001485
868,7612,0,0,0.794468884938671,1.57828439538503,1.18637664016185,164,422,2500000.00001485
869,7612,0,0,0.792717985080948,1.57930394669875,1.18601096588985,20,422,2500000.00001485
870,7612,0,0,0.794668347773881,1.57039817863523,1.18253326320456,1000,422,2500000.00001485
871,7612,0,0,0.793569768619333,1.57229804173003,1.18293390517468,616,422,2500000.00001485
872,7612,0,0,0.795910634713024,1.57435427061522,1.18513245266412,600,422,2500000.00001485
873,7612,0,0,0.792038142094956,1.57555143334259,1.18379478771877,776,422,2500000.00001485
874,7608,0,0,0.790136093140423,1.58092741030715,1.18553175172379,312,422,2500000.00001485
875,7608,0,0,0.795173835147217,1.57508043362031,1.18512713438376,208,422,2500000.00001485
876,7608,0,0,0.793397281905625,1.58132085429573,1.18735906810068,1004,422,2500000.00001485
877,7608,0,0,0.795910634713024,1.57075730789128,1.18333397130215,320,422,2500000.00001485
878,7608,0,0,0.791091383729396,1.57172148852623,1.18140643612781,684,422,2500000.00001485
879,7608,1,0.000131440588853838,0.794923247635464,1.57341300374429,1.18416812568988,256,422,2500000.00001485
880,7608,0,0,0.790629178936617,1.57708930724052,1.18385924308857,276,422,2500000.00001485
881,7612,0,0,0.794542966477108,1.57204288222288,1.18329292434999,568,422,2500000.00001485
882,7612,0,0,0.796989111483325,1.58297064975307,1.1899798806182,312,422,2500000.00001485
883,7608,0,0,0.795262306404615,1.57640599295054,1.18583414967758,948,422,2500000.00001485
884,7612,0,0,0.794725189500248,1.57676452330945,1.18574485640485,744,422,2500000.00001485
885,7608,0,0,0.7913541101064,1.57281338679166,1.18208374844903,932,422,2500000.00001485
886,7608,0,0,0.795261855624396,1.57161447428953,1.18343816495696,716,422,2500000.00001485
887,7612,0,0,0.794415110780715,1.57141581841719,1.18291546459895,208,422,2500000.00001485
888,7612,0,0,0.788117540520503,1.57306126302725,1.18058940177388,176,422,2500000.00001485
889,7612,0,0,0.79509034132561,1.56512906013687,1.18010970073124,540,422,2500000.00001485
890,7612,0,0,0.792548074446068,1.57076444871482,1.18165626158044,384,422,2500000.00001485
891,7612,0,0,0.78863004477906,1.56619425689653,1.1774121508378,676,422,2500000.00001485
892,7608,0,0,0.793478334170627,1.56947068052898,1.1814745073498,428,422,2500000.00001485
893,7612,0,0,0.7954806130949,1.58559192468769,1.19053626889129,480,422,2500000.00001485
894,7612,0,0,0.794923536503661,1.57349590571254,1.1842097211081,504,422,2500000.00001485
895,7608,0,0,0.79254452207705,1.5736993242798,1.18312192317842,680,422,2500000.00001485
896,7608,0,0,0.795087093551864,1.57947591871982,1.18728150613584,1008,422,2500000.00001485
897,7612,0,0,0.795600932056071,1.58230791009549,1.18895442107578,720,422,2500000.00001485
898,7608,0,0,0.792967849248113,1.56826887597012,1.18061836260912,688,422,2500000.00001485
899,7608,0,0,0.794943032460395,1.57116865609932,1.18305584427986,112,422,2500000.00001485
900,7612,0,0,0.795092939496848,1.57703922762509,1.18606608356097,76,422,2500000.00001485
901,7608,0,0,0.792856514114466,1.56926574431614,1.1810611292153,1004,422,2500000.00001485
902,7608,0,0,0.792887877498756,1.56901211871395,1.18094999810635,164,422,2500000.00001485
903,7608,0,0,0.794661010498055,1.57304586786869,1.18385343918337,560,422,2500000.00001485
904,7612,0,0,0.793300592001351,1.56981388426816,1.18155723813476,936,422,2500000.00001485
905,7608,0,0,0.796101410809435,1.57271462642247,1.18440801861595,360,422,2500000.00001485
906,7608,0,0,0.794397946034701,1.57854036798767,1.18646915701118,716,422,2500000.00001485
907,7612,0,0,0.795000657459573,1.58034705122821,1.18767385434389,144,422,2500000.00001485
908,7608,0,0,0.793266031464137,1.57416597819707,1.1837160048306,396,422,2500000.00001485
909,7608,0,0,0.795431637250015,1.57146417199829,1.18344790462415,360,422,2500000.00001485
910,7608,0,0,0.791344356002821,1.58267280065148,1.18700857832715,412,422,2500000.00001485
911,7608,0,0,0.793992206920759,1.57344913729406,1.18372067210741,992,422,2500000.00001485
912,7608,1,0.000131440588853838,0.790335930494575,1.56897530035994,1.17965561542726,4,422,2500000.00001485
913,7608,0,0,0.79254809266314,1.57981767455733,1.18618288361024,784,422,2500000.00001485
914,7612,0,0,0.793214244527228,1.56826887597012,1.18074156024868,292,422,2500000.00001485
915,7612,0,0,0.792374044073935,1.57953847245213,1.18595625826303,268,422,2500000.00001485
916,7612,0,0,0.795939413642138,1.56828152540051,1.18211046952132,316,422,2500000.00001485
917,7608,0,0,0.793988343031251,1.56955648849933,1.18177241576529,604,422,2500000.00001485
918,7608,0,0,0.79465143177109,1.5716144369097,1.18313293434039,880,422,2500000.00001485
919,7612,0,0,0.792578951439397,1.57469640998047,1.18363768070993,48,422,2500000.00001485
920,7608,0,0,0.794999378575026,1.57660381001236,1.18580159429369,92,422,2500000.00001485
921,7612,0,0,0.790504829544766,1.57408686537716,1.18229584746096,468,422,2500000.00001485
922,7608,0,0,0.789989088189028,1.57259856015905,1.18129382417404,16,422,2500000.00001485
923,7608,0,0,0.792965157344479,1.5639691780288,1.17846716768664,328,422,2500000.00001485
924,7612,0,0,0.792378145605828,1.58411297511084,1.18824556035833,448,422,2500000.00001485
925,7608,0,0,0.795600049653315,1.58007533278358,1.18783769121845,244,422,2500000.00001485
926,7608,0,0,0.794733211970059,1.56724194291478,1.18098757744242,704,422,2500000.00001485
927,7612,0,0,0.793066985299366,1.5761005653737,1.18458377533653,176,422,2500000.00001485
928,7608,0,0,0.790407239351971,1.57247028638962,1.18143876287079,76,422,2500000.00001485
929,7608,0,0,0.794235136973716,1.57973435838756,1.18698474768064,236,422,2500000.00001485
930,7608,0,0,0.791527862985555,1.56997430030966,1.18075108164761,572,422,2500000.00001485
931,7612,0,0,0.7959391258786,1.57608582367632,1.18601247477746,84,422,2500000.00001485
932,7612,0,0,0.795262306404615,1.58199107341314,1.18862668990888,784,422,2500000.00001485
933,7608,0,0,0.798133476443339,1.57195654629791,1.18504501137062,352,422,2500000.00001485
934,7608,0,0,0.794075979447959,1.57305123714867,1.18356360829831,720,422,2500000.00001485
935,7608,0,0,0.797681812954671,1.56646444031818,1.18207312663642,792,422,2500000.00001485
936,7608,0,0,0.789727316696799,1.57127166384281,1.18049949026981,332,422,2500000.00001485
937,7612,0,0,0.79305771532388,1.57580651492239,1.18443211512313,524,422,2500000.00001485
938,7608,0,0,0.794245563214857,1.56803616162126,1.18114086241806,644,422,2500000.00001485
939,7608,0,0,0.793482037390351,1.57785768210084,1.1856698597456,288,422,2500000.00001485
940,7612,0,0,0.798642101941161,1.57800573601098,1.18832391897607,876,422,2500000.00001485
941,7612,0,0,0.793567010708915,1.58410713012734,1.18883707041813,620,422,2500000.00001485
942,7608,0,0,0.795600932056071,1.58657232398321,1.19108662801964,216,422,2500000.00001485
943,7608,0,0,0.793140216786335,1.58092744703027,1.1870338319083,164,422,2500000.00001485
944,7612,0,0,0.800326647373122,1.57401205687992,1.18716935212652,768,422,2500000.00001485
945,7608,0,0,0.79305771532388,1.57110022823075,1.18207897177731,628,422,2500000.00001485
946,7608,0,0,0.794753645756447,1.58011774194962,1.18743569385303,268,422,2500000.00001485
947,7612,0,0,0.795842172101607,1.5806261997783,1.18823418593996,192,422,2500000.00001485
948,7612,0,0,0.798810716342268,1.57743085338578,1.18812078486402,792,422,2500000.00001485
949,7608,0,0,0.794749033302306,1.57912864512312,1.18693883921271,84,422,2500000.00001485
950,7612,0,0,0.793227516785054,1.57841237246161,1.18581994462333,460,422,2500000.00001485
951,7612,0,0,0.798979295159454,1.57539813039932,1.18718871277939,556,422,2500000.00001485
952,7612,0,0,0.796865728456416,1.57165710950939,1.1842614189829,64,422,2500000.00001485
953,7612,0,0,0.793266031464137,1.5836511315254,1.18845858149477,544,422,2500000.00001485
954,7612,0,0,0.795431637250014,1.57169564296566,1.18356364010784,780,422,2500000.00001485
955,7608,0,0,0.795007696545048,1.57066617308141,1.18283693481323,200,422,2500000.00001485
956,7608,0,0,0.791270581856214,1.56594850537297,1.17860954361459,232,422,2500000.00001485
957,7608,0,0,0.791527862985555,1.56972809036815,1.18062797667685,24,422,2500000.00001485
958,7612,0,0,0.794745353316354,1.57891581596692,1.18683058464164,924,422,2500000.00001485
959,7608,0,0,0.791184857238785,1.5783697241984,1.18477729071859,276,422,2500000.00001485
960,7608,0,0,0.79558011325013,1.57163275648307,1.1836064348666,252,422,2500000.00001485
961,7608,0,0,0.796191558777848,1.58074879544537,1.18847017711161,476,422,2500000.00001485
962,7608,0,0,0.798136045008773,1.56998545800323,1.184060751506,884,422,2500000.00001485
963,7612,0,0,0.793142070769442,1.57516555552459,1.18415381314702,124,422,2500000.00001485
964,7612,0,0,0.795262306404615,1.56886470539914,1.18206350590188,704,422,2500000.00001485
965,7612,0,0,0.794750556466584,1.56612050257326,1.18043552951992,572,422,2500000.00001485
966,7612,0,0,0.790931090262703,1.58011548812811,1.18552328919541,600,422,2500000.00001485
967,7612,0,0,0.795431637250015,1.57366976872607,1.18455070298804,736,422,2500000.00001485
968,7612,0,0,0.793561766142095,1.58016056488618,1.18686116551414,688,422,2500000.00001485
969,7608,0,0,0.791527862985555,1.58091557763015,1.18622172030785,320,422,2500000.00001485
970,7612,0,0,0.795092939496848,1.57589331279401,1.18549312614543,800,422,2500000.00001485
971,7608,0,0,0.791868085594425,1.57369929458062,1.18278369008752,156,422,2500000.00001485
972,7608,0,0,0.793649026915671,1.56695568190242,1.18030235440904,584,422,2500000.00001485
973,7608,0,0,0.794245563214857,1.5711245811021,1.18268507215848,184,422,2500000.00001485
974,7608,0,0,0.793646922488369,1.58793219117695,1.19078955683266,240,422,2500000.00001485
975,7612,0,0,0.792120743549199,1.57472696503346,1.18342385429133,520,422,2500000.00001485
976,7608,0,0,0.794499106980848,1.57708503233605,1.18579206965845,952,422,2500000.00001485
977,7608,0,0,0.795770190845786,1.56899242541222,1.182381308129,796,422,2500000.00001485
978,7612,0,0,0.795527153490446,1.57700390914612,1.18626553131828,240,422,2500000.00001485
979,7608,0,0,0.794151702396438,1.57401205687992,1.18408187963818,148,422,2500000.00001485
980,7612,0,0,0.795901352398676,1.57813445891914,1.18701790565891,792,422,2500000.00001485
981,7608,0,0,0.794754097401981,1.57743830214889,1.18609619977543,160,422,2500000.00001485
982,7608,0,0,0.793567010708915,1.57255807647124,1.18306254359008,628,422,2500000.00001485
983,7608,0,0,0.796423600300789,1.5764914234339,1.18645751186734,672,422,2500000.00001485
984,7612,0,0,0.797291903001023,1.5739264918201,1.18560919741056,460,422,2500000.00001485
985,7612,0,0,0.796784988525915,1.57738508574435,1.18708503713513,592,422,2500000.00001485
986,7612,0,0,0.79719390255216,1.5805426596915,1.18886828112183,704,422,2500000.00001485
987,7612,0,0,0.794075979447959,1.57811089722458,1.18609343833627,944,422,2500000.00001485
988,7612,0,0,0.792800538039155,1.57819906195817,1.18549979999866,224,422,2500000.00001485
989,7608,0,0,0.790801134836099,1.5774731804691,1.1841371576526,684,422,2500000.00001485
990,7612,0,0,0.796615945352584,1.57499383553563,1.18580489044411,692,422,2500000.00001485
991,7612,0,0,0.796277751346533,1.57377272821155,1.18502523977904,892,422,2500000.00001485
992,7612,0,0,0.795346611318392,1.58151594142906,1.18843127637372,364,422,2500000.00001485
993,7612,0,0,0.793227516785054,1.57956384358773,1.18639568018639,592,422,2500000.00001485
994,7612,0,0,0.793726256910736,1.57349859672701,1.18361242681887,488,422,2500000.00001485
995,7608,0,0,0.791187494075821,1.5776015987295,1.18439454640266,664,422,2500000.00001485
996,7608,0,0,0.796615945352584,1.57409523627412,1.18535559081335,304,422,2500000.00001485
997,7608,0,0,0.791952347000104,1.57221421271025,1.18208327985518,372,422,2500000.00001485
998,7612,0,0,0.795643155571125,1.57960645963233,1.18762480760173,880,422,2500000.00001485
999,7612,0,0,0.792442671686139,1.57929283556819,1.18586775362716,976,422,2500000.00001485
1000,7608,0,0,0.79999002205965,1.56792533404355,1.1839576780516,628,422,2500000.00001485
1001,7612,0,0,0.791943035019571,1.56185533372188,1.17689918437072,804,422,2500000.00001485
1002,7608,0,0,0.795516248625201,1.57339374910054,1.18445499886287,332,422,2500000.00001485
1003,7608,0,0,0.797339320178816,1.57862446348574,1.18798189183228,144,422,2500000.00001485
1004,7612,0,0,0.792205535432648,1.58611543064776,1.1891604830402,704,422,2500000.00001485
1005,7608,0,0,0.797186133311444,1.57208537812642,1.18463575571893,952,422,2500000.00001485
1006,7612,0,0,0.790957711934987,1.57127166384281,1.1811146878889,620,422,2500000.00001485
1007,7612,0,0,0.793373746564048,1.58072454648729,1.18704914652567,416,422,2500000.00001485
1008,7612,0,0,0.794923536503661,1.57546595188777,1.18519474419571,560,422,2500000.00001485
1009,7608,0,0,0.794160228140951,1.58305572597111,1.18860797705603,396,422,2500000.00001485
1010,7612,0,0,0.791527862985555,1.58441550107681,1.18797168203118,300,422,2500000.00001485
1011,7608,0,0,0.798046206544998,1.56835474969372,1.18320047811936,320,422,2500000.00001485
1012,7608,0,0,0.793599928438529,1.57720524602446,1.18540258723149,40,422,2500000.00001485
1013,7608,0,0,0.791511403286634,1.57674501269838,1.18412820799251,108,422,2500000.00001485
1014,7612,0,0,0.791017254699117,1.57341300374429,1.1822151292217,320,422,2500000.00001485
1015,7608,0,0,0.793481129746453,1.56603450633442,1.17975781804043,296,422,2500000.00001485
1016,7608,0,0,0.793065679399287,1.56873931201707,1.18090249570818,724,422,2500000.00001485
1017,7612,0,0,0.788117540520503,1.57895173970219,1.18353464011135,604,422,2500000.00001485
1018,7612,0,0,0.792491884721094,1.567839286198,1.18016558545955,900,422,2500000.00001485
1019,7612,0,0,0.793546031401705,1.57982356533444,1.18668479836807,684,422,2500000.00001485
1020,7612,0,0,0.79356684738592,1.57951761634901,1.18654223186747,364,422,2500000.00001485
1021,7608,0,0,0.794923536503661,1.57521391569611,1.18506872609989,312,422,2500000.00001485
1022,7612,0,0,0.79381315526874,1.5798196088859,1.18681638207732,788,422,2500000.00001485
1023,7612,0,0,0.796277751346533,1.5751295953456,1.18570367334607,760,422,2500000.00001485
1024,7612,0,0,0.79779849538699,1.57845504839903,1.18812677189301,828,422,2500000.00001485
1025,7612,0,0,0.79305771532388,1.57405480917957,1.18355626225173,392,422,2500000.00001485
1026,7612,0,0,0.798473451933592,1.57823607663678,1.18835476428519,528,422,2500000.00001485
1027,7608,0,0,0.796246062716303,1.58228987533184,1.18926796902407,764,422,2500000.00001485
1028,7608,0,0,0.793310001617354,1.57264245726718,1.18297622944227,528,422,2500000.00001485
1029,7612,0,0,0.79254809266314,1.57435427061522,1.18345118163918,272,422,2500000.00001485
1030,7612,0,0,0.792378145605828,1.5740118685079,1.18319500705686,356,422,2500000.00001485
1031,7612,0,0,0.794519530350793,1.57084302452191,1.18268127743635,100,422,2500000.00001485
1032,7608,0,0,0.796277751346533,1.58066700196278,1.18847237665466,604,422,2500000.00001485
1033,7608,0,0,0.790919172132256,1.57025181413771,1.18058549313499,804,422,2500000.00001485
1034,7608,0,0,0.796108847659348,1.5719590585799,1.18403395311962,48,422,2500000.00001485
1035,7608,0,0,0.79314159818757,1.58763865575038,1.19039012696897,84,422,2500000.00001485
1036,7612,0,0,0.798286511624786,1.57529497506249,1.18679074334364,48,422,2500000.00001485
1037,7612,0,0,0.795099491656744,1.586491686885,1.19079558927087,528,422,2500000.00001485
1038,7612,0,0,0.79538802735812,1.5764914234339,1.18593972539601,716,422,2500000.00001485
1039,7608,0,0,0.791865875629904,1.57777165829592,1.18481876696291,48,422,2500000.00001485
1040,7608,0,0,0.796953995843231,1.57751622836776,1.18723511210549,900,422,2500000.00001485
1041,7608,0,0,0.792102678303836,1.56921322846494,1.18065795338439,600,422,2500000.00001485
1042,7608,0,0,0.795007877030322,1.57052203656403,1.18276495679718,60,422,2500000.00001485
1043,7612,0,0,0.795600932056071,1.57263406317511,1.18411749761559,184,422,2500000.00001485
1044,7612,0,0,0.79347659144909,1.57412292730093,1.18379975937501,796,422,2500000.00001485
1045,7612,0,0,0.793566357415924,1.57597877106868,1.1847725642423,616,422,2500000.00001485
1046,7612,0,0,0.793990952037166,1.57291827530863,1.1834546136729,756,422,2500000.00001485
1047,7612,0,0,0.796263668289352,1.57983053159696,1.18804709994316,128,422,2500000.00001485
1048,7612,0,0,0.799222286337042,1.57388219496384,1.18655224065044,736,422,2500000.00001485
1049,7608,0,0,0.795853794748023,1.58377331949611,1.18981355712206,388,422,2500000.00001485
1050,7608,0,0,0.794325415156447,1.57477821771203,1.18455181643424,720,422,2500000.00001485
1051,7608,0,0,0.795163986435844,1.56568875161672,1.18042636902628,232,422,2500000.00001485
1052,7608,0,0,0.798216126044678,1.57341298279015,1.18581455441741,180,422,2500000.00001485
1053,7612,0,0,0.796953350844228,1.57723637808194,1.18709486446308,316,422,2500000.00001485
1054,7612,0,0,0.796611908931599,1.57631821859163,1.18646506376161,896,422,2500000.00001485
1055,7608,0,0,0.79703747857139,1.57298496896835,1.18501122376987,720,422,2500000.00001485
1056,7608,0,0,0.79388154613193,1.57319828759929,1.18353991686561,232,422,2500000.00001485
1057,7612,0,0,0.79254809266314,1.58197853915874,1.18726331591094,904,422,2500000.00001485
1058,7612,0,0,0.794552212806404,1.57478193320714,1.18466707300677,732,422,2500000.00001485
1059,7608,0,0,0.792801630022475,1.57772673545414,1.18526418273831,960,422,2500000.00001485
1060,7608,0,0,0.794561192185828,1.58233016095964,1.18844567657273,968,422,2500000.00001485
1061,7612,0,0,0.791201078759688,1.57938001438312,1.18529054657141,424,422,2500000.00001485
1062,7612,0,0,0.789652839671559,1.57064639804305,1.18014961885731,156,422,2500000.00001485
1063,7612,0,0,0.794584622168707,1.5719940856205,1.1832893538946,872,422,2500000.00001485
1064,7612,0,0,0.796865190773709,1.57220453226237,1.18453486151804,588,422,2500000.00001485
1065,7608,0,0,0.793139780551866,1.5746108821087,1.18387533133028,1004,422,2500000.00001485
1066,7608,0,0,0.793567010708916,1.56396911876208,1.1787680647355,344,422,2500000.00001485
1067,7612,0,0,0.793736703218224,1.58399126278609,1.18886398300216,36,422,2500000.00001485
1068,7608,0,0,0.79488857964064,1.57699321657127,1.18594089810596,996,422,2500000.00001485
1069,7612,0,0,0.795513474456875,1.57580784988482,1.18566066217085,608,422,2500000.00001485
1070,7612,0,0,0.798512357857641,1.57683309908235,1.18767272846999,152,422,2500000.00001485
1071,7608,0,0,0.797457297885382,1.57802726425082,1.1877422810681,452,422,2500000.00001485
1072,7608,0,0,0.793906359456822,1.56943844249045,1.18167240097364,856,422,2500000.00001485
1073,7612,0,0,0.793479750117785,1.57362056282021,1.183550156469,844,422,2500000.00001485
1074,7612,0,0,0.795939413642138,1.58831061868941,1.19212501616578,912,422,2500000.00001485
1075,7608,0,0,0.791357696830092,1.57529497506249,1.18332633594629,124,422,2500000.00001485
1076,7612,0,0,0.798485955420511,1.58601597030594,1.19225096286323,656,422,2500000.00001485
1077,7608,0,0,0.794328346565609,1.57956345469409,1.18694590062985,24,422,2500000.00001485
1078,7612,0,0,0.796864007865369,1.56925266152923,1.1830583346973,724,422,2500000.00001485
1079,7608,0,0,0.794920485306824,1.58381002116474,1.18936525323578,456,422,2500000.00001485
1080,7608,0,0,0.790761822330055,1.57998994892906,1.18537588562956,852,422,2500000.00001485
1081,7612,0,0,0.791860030947008,1.57927207103453,1.18556605099077,260,422,2500000.00001485
1082,7612,0,0,0.793140216786335,1.57847755015709,1.18580888347171,564,422,2500000.00001485
1083,7612,0,0,0.791017254699117,1.57623511809307,1.18362618639609,92,422,2500000.00001485
1084,7608,0,0,0.798374638489192,1.58054403811435,1.18945933830177,236,422,2500000.00001485
1085,7608,0,0,0.793820987450368,1.57665448655096,1.18523773700066,932,422,2500000.00001485
1086,7612,0,0,0.795939413642138,1.58214844395312,1.18904392879763,600,422,2500000.00001485
1087,7612,0,0,0.798642101941161,1.58534757954256,1.19199484074186,332,422,2500000.00001485
1088,7612,0,0,0.798810645174415,1.58092744703027,1.18986904610234,744,422,2500000.00001485
1089,7608,0,0,0.793352482253608,1.57824892487731,1.18580070356546,32,422,2500000.00001485
1090,7612,0,0,0.795428105355435,1.58285804277164,1.18914307406354,232,422,2500000.00001485
1091,7612,0,0,0.796135187191924,1.5761068519281,1.18612101956001,968,422,2500000.00001485
1092,7612,0,0,0.79449950481142,1.57964464896281,1.18707207688712,48,422,2500000.00001485
1093,7612,0,0,0.793396628193272,1.57794302475618,1.18566982647473,324,422,2500000.00001485
1094,7608,0,0,0.795240216671265,1.57455961312727,1.18489991489927,740,422,2500000.00001485
1095,7608,0,0,0.792207870242155,1.58993178127245,1.1910698257573,88,422,2500000.00001485
1096,7612,0,0,0.794915574381842,1.58028597716943,1.18760077577564,220,422,2500000.00001485
1097,7608,0,0,0.795766663457199,1.57550277921505,1.18563472133612,156,422,2500000.00001485
1098,7612,0,0,0.797460802887041,1.57170012258638,1.18458046273671,504,422,2500000.00001485
1099,7612,0,0,0.793480839299309,1.57280197215742,1.18314140572837,240,422,2500000.00001485
1100,7608,0,0,0.79863184695112,1.58160880788381,1.19012032741747,416,422,2500000.00001485
1101,7608,0,0,0.799124807546177,1.57743085338578,1.18827783046598,384,422,2500000.00001485
1102,7612,0,0,0.795854766262074,1.58249870766618,1.18917673696413,992,422,2500000.00001485
1103,7612,0,0,0.796615945352584,1.58211666808845,1.18936630672052,844,422,2500000.00001485
1104,7608,0,0,0.794415110780715,1.57630363047714,1.18535937062893,608,422,2500000.00001485
1105,7608,0,0,0.796108600468077,1.57113664551755,1.18362262299281,844,422,2500000.00001485
1106,7612,0,0,0.793567010708915,1.57686867884216,1.18521784477554,612,422,2500000.00001485
1107,7608,0,0,0.792801921216757,1.57503847502414,1.18392019812045,912,422,2500000.00001485
1108,7608,0,0,0.791998918357086,1.56660917845585,1.17930404840647,64,422,2500000.00001485
1109,7612,0,0,0.799147838415238,1.57597877106868,1.18756330474196,352,422,2500000.00001485
1110,7612,0,0,0.798216661001977,1.58175526067994,1.18998596084096,20,422,2500000.00001485
1111,7608,0,0,0.792206338027297,1.58620033819476,1.18920333811103,440,422,2500000.00001485
1112,7612,0,0,0.796615945352584,1.57422268015154,1.18541931275206,552,422,2500000.00001485
1113,7612,0,0,0.797291831425678,1.57204288222288,1.18466735682428,24,422,2500000.00001485
1114,7612,0,0,0.79712296732734,1.58696430169095,1.19204363450914,548,422,2500000.00001485
1115,7608,0,0,0.795600932056071,1.57734547378282,1.18647320291944,28,422,2500000.00001485
1116,7612,0,0,0.796361770125519,1.58062363226241,1.18849270119396,728,422,2500000.00001485
1117,7612,0,0,0.796863362638937,1.57755703788058,1.18721020025976,184,422,2500000.00001485
1118,7612,0,0,0.800158352418601,1.58138318630835,1.19077076936348,692,422,2500000.00001485
1119,7608,0,0,0.798798688525092,1.5789668967771,1.18888279265109,16,422,2500000.00001485
1120,7612,0,0,0.798135170987674,1.59909362990064,1.19861440044416,556,422,2500000.00001485
1121,7612,0,0,0.80183971244118,1.5731555236634,1.18749761805229,1016,422,2500000.00001485
1122,7612,0,0,0.799147838415238,1.58950819480396,1.1943280166096,708,422,2500000.00001485
1123,7612,0,0,0.797738403816822,1.58074581063471,1.18924210722577,28,422,2500000.00001485
1124,7612,0,0,0.795845229163281,1.5825869671131,1.18921609813819,392,422,2500000.00001485
1125,7608,0,0,0.797539120969442,1.5816451789478,1.18959214995862,548,422,2500000.00001485
1126,7612,0,0,0.799905626538829,1.58044643055457,1.1901760285467,704,422,2500000.00001485
1127,7612,0,0,0.796277751346533,1.59547035050975,1.19587405092814,260,422,2500000.00001485
1128,7612,0,0,0.796700359336936,1.58377753362783,1.19023894648238,196,422,2500000.00001485
1129,7612,0,0,0.794589284522885,1.57721891456493,1.18590409954391,828,422,2500000.00001485
1130,7612,0,0,0.795262306404615,1.5863254367582,1.19079387158141,592,422,2500000.00001485
1131,7612,0,0,0.796784988525915,1.57547881837329,1.1861319034496,48,422,2500000.00001485
1132,7612,0,0,0.794923536503661,1.57384092210835,1.18438222930601,240,422,2500000.00001485
1133,7612,0,0,0.793227516785054,1.57512397967799,1.18417574823152,148,422,2500000.00001485
1134,7608,0,0,0.791527862985555,1.57264245726718,1.18208516012637,652,422,2500000.00001485
1135,7612,0,0,0.794922381027724,1.57238552452909,1.18365395277841,556,422,2500000.00001485
1136,7612,0,0,0.794244404777414,1.56759746708501,1.18092093593121,440,422,2500000.00001485
1137,7608,0,0,0.792512042914424,1.58044837408762,1.18648020850102,888,422,2500000.00001485
1138,7612,0,0,0.794972498000871,1.57737392485664,1.18617321142875,460,422,2500000.00001485
1139,7608,0,0,0.796529037051149,1.58254035826758,1.18953469765937,420,422,2500000.00001485
1140,7608,0,0,0.800520577071548,1.58360782843283,1.19206420275219,168,422,2500000.00001485
1141,7612,0,0,0.796125645906147,1.57487479767364,1.18550022178989,284,422,2500000.00001485
1142,7608,0,0,0.795854694298274,1.58189637272863,1.18887553351345,260,422,2500000.00001485
1143,7608,0,0,0.798217623920599,1.58747340643645,1.19284551517852,24,422,2500000.00001485
1144,7612,0,0,0.796439685798898,1.58675209869662,1.19159589224776,820,422,2500000.00001485
1145,7612,0,0,0.798808154279599,1.58679456381125,1.19280135904542,68,422,2500000.00001485
1146,7612,0,0,0.798726373546523,1.58399126278609,1.19135881816631,836,422,2500000.00001485
1147,7612,0,0,0.794754097401981,1.57930803686896,1.18703106713547,116,422,2500000.00001485
1148,7608,0,0,0.79254809266314,1.5890859865559,1.19081703960952,628,422,2500000.00001485
1149,7608,0,0,0.793736703218224,1.58020304993117,1.1869698765747,76,422,2500000.00001485
1150,7612,0,0,0.798726373546523,1.57307058524105,1.18589847939379,700,422,2500000.00001485
1151,7608,0,0,0.800663131158168,1.57714921409592,1.18890617262704,312,422,2500000.00001485
1152,7612,0,0,0.798722671603267,1.58135333196756,1.19003800178541,304,422,2500000.00001485
1153,7612,0,0,0.801503722603491,1.58148124705258,1.19149248482804,440,422,2500000.00001485
1154,7612,0,0,0.797967288046318,1.59153762593785,1.19475245699208,936,422,2500000.00001485
1155,7612,0,0,0.792701617616125,1.57881749114884,1.18575955438248,156,422,2500000.00001485
1156,7612,0,0,0.793543490466879,1.57538046579465,1.18446197813077,316,422,2500000.00001485
1157,7612,0,0,0.794415110780715,1.57819239972224,1.18630375525148,656,422,2500000.00001485
1158,7608,0,0,0.797769917200994,1.58053950406869,1.18915471063484,888,422,2500000.00001485
1159,7608,0,0,0.797416090457344,1.57199962121665,1.184707855837,680,422,2500000.00001485
1160,7608,0,0,0.798634250523485,1.58806711946417,1.19335068499383,284,422,2500000.00001485
1161,7612,0,0,0.796362093344509,1.57588494170223,1.18612351752337,628,422,2500000.00001485
1162,7612,0,0,0.798303625441125,1.58950819480396,1.19390591012254,496,422,2500000.00001485
1163,7608,0,0,0.800158352418601,1.57903558222863,1.18959696732361,320,422,2500000.00001485
1164,7608,0,0,0.79877932824296,1.59060928499182,1.19469430661739,964,422,2500000.00001485
1165,7612,0,0,0.799147838415238,1.57630647076594,1.18772715459059,132,422,2500000.00001485
1166,7612,0,0,0.798891768606293,1.57589331279401,1.18739254070015,488,422,2500000.00001485
1167,7612,0,0,0.796953995843231,1.58195415574598,1.18945407579461,664,422,2500000.00001485
1168,7612,0,0,0.796446866300409,1.58416126453198,1.19030406541619,472,422,2500000.00001485
1169,7608,0,0,0.793736703218224,1.58227800752661,1.18800735537242,420,422,2500000.00001485
1170,7608,0,0,0.798638096164039,1.590089163418,1.19436362979102,72,422,2500000.00001485
1171,7608,0,0,0.800881995625478,1.59027056921179,1.19557628241864,348,422,2500000.00001485
1172,7608,0,0,0.798640321608176,1.58577575499751,1.19220803830284,624,422,2500000.00001485
1173,7612,0,0,0.797877428268472,1.58840253733235,1.19313998280041,628,422,2500000.00001485
1174,7612,0,0,0.80334992774009,1.58284103669537,1.19309548221773,816,422,2500000.00001485
1175,7612,0,0,0.799479689369564,1.58530300478756,1.19239134707856,40,422,2500000.00001485
1176,7608,0,0,0.796953995843231,1.5919205878485,1.19443729184586,128,422,2500000.00001485
1177,7608,0,0,0.797460731357165,1.58428179278936,1.19087126207326,552,422,2500000.00001485
1178,7612,0,0,0.797368253563271,1.58407527803136,1.19072176579731,384,422,2500000.00001485
1179,7612,0,0,0.796953995843231,1.56865322605873,1.18280361095098,744,422,2500000.00001485
1180,7612,0,0,0.792967230841861,1.57153960992474,1.1822534203833,80,422,2500000.00001485
1181,7608,0,0,0.798220298664076,1.57478189605241,1.18650109735824,56,422,2500000.00001485
1182,7608,0,0,0.795431637250014,1.57942017896836,1.18742590810919,136,422,2500000.00001485
1183,7612,0,0,0.798298331050169,1.57802838126098,1.18816335615557,572,422,2500000.00001485
1184,7612,0,0,0.795939413642138,1.58100409403979,1.18847175384097,652,422,2500000.00001485
1185,7608,0,0,0.800241756635645,1.57811089722458,1.18917632693011,444,422,2500000.00001485
1186,7608,0,0,0.797186133311444,1.57636248359815,1.1867743084548,128,422,2500000.00001485
1187,7612,0,0,0.800158352418601,1.57819906195817,1.18917870718838,764,422,2500000.00001485
1188,7612,0,0,0.795600932056071,1.58067186098915,1.18813639652261,188,422,2500000.00001485
1189,7608,0,0,0.798049703810224,1.58067185180392,1.18936077780707,312,422,2500000.00001485
1190,7608,0,0,0.800494906945542,1.58738855791524,1.19394173243039,0,422,2500000.00001485
1191,7608,0,0,0.795937237417474,1.58526604814501,1.19060164278124,488,422,2500000.00001485
1192,7608,0,0,0.797629667008126,1.5775089837587,1.18756932538341,1020,422,2500000.00001485
1193,7612,0,0,0.797034720250634,1.57653409007221,1.18678440516142,436,422,2500000.00001485
1194,7608,0,0,0.798151210997121,1.57477892365947,1.1864650673283,100,422,2500000.00001485
1195,7608,0,0,0.797931697090659,1.58271539366018,1.19032354537542,372,422,2500000.00001485
1196,7608,0,0,0.801167591860001,1.57612832753473,1.18864795969736,644,422,2500000.00001485
1197,7612,0,0,0.796546971286977,1.58759950975985,1.19207324052341,408,422,2500000.00001485
1198,7612,0,0,0.79712296732734,1.58024579239169,1.18868437985952,1008,422,2500000.00001485
1199,7612,0,0,0.800493474867574,1.58772789759256,1.19411068623007,624,422,2500000.00001485
1200,7612,0,0,0.797291903001023,1.57913747603507,1.18821468951804,912,422,2500000.00001485
1201,7612,0,0,0.79712296732734,1.5764914234339,1.18680719538062,616,422,2500000.00001485
1202,7612,0,0,0.800999473593149,1.5853915523331,1.19319551296312,244,422,2500000.00001485
1203,7608,0,0,0.804689961912047,1.58645503357011,1.19557249774108,212,422,2500000.00001485
1204,7612,0,0,0.803852702334675,1.59012054010198,1.19698662121833,636,422,2500000.00001485
1205,7612,0,0,0.797797852434091,1.58079180244117,1.18929482743763,760,422,2500000.00001485
1206,7612,0,0,0.79866339323082,1.57879629908909,1.18872984615995,116,422,2500000.00001485
1207,7608,0,0,0.79305771532388,1.58169373501824,1.18737572517106,344,422,2500000.00001485
1208,7608,0,0,0.799316346132117,1.58772572012311,1.19352103312761,192,422,2500000.00001485
1209,7612,0,0,0.795851261732978,1.58432690607604,1.19008908390451,224,422,2500000.00001485
1210,7608,0,0,0.793988777868547,1.58266979929262,1.18832928858058,160,422,2500000.00001485
1211,7608,0,0,0.793781455961401,1.58552956550444,1.18965551073292,828,422,2500000.00001485
1212,7612,0,0,0.797460802887041,1.58384376771318,1.19065228530011,668,422,2500000.00001485
1213,7608,0,0,0.800824256827826,1.58143276271334,1.19112850977058,460,422,2500000.00001485
1214,7608,0,0,0.797036869595588,1.58203450939823,1.18953568949691,856,422,2500000.00001485
1215,7608,0,0,0.797460802887041,1.58539033246601,1.19142556767653,700,422,2500000.00001485
1216,7612,0,0,0.797628791321338,1.57956369631446,1.1885962438179,640,422,2500000.00001485
1217,7612,0,0,0.795681240810436,1.58806715569421,1.19187419825232,932,422,2500000.00001485
1218,7612,0,0,0.796259356900407,1.57973292063471,1.18799613876756,892,422,2500000.00001485
1219,7612,0,0,0.800914655424805,1.58218296487118,1.19154881014799,400,422,2500000.00001485
1220,7608,0,0,0.802343433386543,1.57991054009284,1.19112698673969,600,422,2500000.00001485
1221,7612,1,0.000131371518654756,0.795770190845787,1.57614341083798,1.18595680084189,740,422,2500000.00001485
1222,7608,0,0,0.798610693954484,1.58271539366018,1.19066304380733,928,422,2500000.00001485
1223,7612,0,0,0.799899779159355,1.58573177478437,1.19281577697186,524,422,2500000.00001485
1224,7612,0,0,0.803492309503027,1.57986206624647,1.19167718787475,508,422,2500000.00001485
1225,7608,0,0,0.801334546896592,1.58501121863086,1.19317288276372,44,422,2500000.00001485
1226,7608,0,0,0.798642101941161,1.57862568296506,1.18863389245311,688,422,2500000.00001485
1227,7612,0,0,0.797460355824788,1.57828217859507,1.18787126720993,580,422,2500000.00001485
1228,7608,0,0,0.80164356921135,1.57135554094958,1.18649955508047,372,422,2500000.00001485
1229,7608,0,0,0.79923109749593,1.57947857928476,1.18935483839034,868,422,2500000.00001485
1230,7608,0,0,0.800401828060598,1.58589390459468,1.19314786632764,376,422,2500000.00001485
1231,7608,0,0,0.801167591860001,1.58492624738043,1.19304691962022,116,422,2500000.00001485
1232,7608,0,0,0.798136045008773,1.58492624738043,1.1915311461946,388,422,2500000.00001485
1233,7612,0,0,0.802631647487063,1.58746578042859,1.19504871395783,564,422,2500000.00001485
1234,7612,0,0,0.796529790756217,1.57989933326514,1.18821456201068,176,422,2500000.00001485
1235,7612,0,0,0.798566865573889,1.57148583040518,1.18502634798953,256,422,2500000.00001485
1236,7608,0,0,0.797629667008126,1.58122553207921,1.18942759954367,352,422,2500000.00001485
1237,7608,0,0,0.799316346132117,1.57691850642698,1.18811742627955,380,422,2500000.00001485
1238,7608,0,0,0.798220191675197,1.57718602634922,1.18770310901221,688,422,2500000.00001485
1239,7608,0,0,0.795939413642138,1.5789668967771,1.18745315520962,144,422,2500000.00001485
1240,7608,0,0,0.797681812954671,1.58704916382313,1.1923654883889,104,422,2500000.00001485
1241,7608,0,0,0.797291903001023,1.57794303398915,1.18761746849509,24,422,2500000.00001485
1242,7608,0,0,0.797713974004898,1.58203450939823,1.18987424170157,224,422,2500000.00001485
1243,7612,0,0,0.795600932056071,1.58314068562371,1.18937080883989,884,422,2500000.00001485
1244,7608,0,0,0.802000622405181,1.58548482571707,1.19374272406113,876,422,2500000.00001485
1245,7608,0,0,0.799821656273916,1.57775679955147,1.18878922791269,1020,422,2500000.00001485
1246,7608,0,0,0.796351534518233,1.58126673058334,1.18880913255079,400,422,2500000.00001485
1247,7612,0,0,0.804103862726843,1.57994089428616,1.1920223785065,568,422,2500000.00001485
1248,7608,0,0,0.797534508515055,1.59035525491994,1.1939448817175,216,422,2500000.00001485
1249,7612,0,0,0.800831320033284,1.58851658910789,1.19467395457059,652,422,2500000.00001485
1250,7608,0,0,0.797291903001023,1.57413960001292,1.18571575150697,168,422,2500000.00001485
1251,7612,0,0,0.798473451933592,1.58787396869548,1.19317371031454,388,422,2500000.00001485
1252,7608,0,0,0.798642101941162,1.59209007148441,1.19536608671279,1000,422,2500000.00001485
1253,7612,0,0,0.799400049653357,1.58681673081393,1.19310839023364,976,422,2500000.00001485
1254,7608,0,0,0.79999002205965,1.58967764293565,1.19483383249765,256,422,2500000.00001485
1255,7608,0,0,0.803646549470182,1.58292794472945,1.19328724709982,1000,422,2500000.00001485
1256,7608,0,0,0.796615945352584,1.58883022156143,1.19272308345701,836,422,2500000.00001485
1257,7612,0,0,0.792887713755727,1.57798153924952,1.18543462650262,100,422,2500000.00001485
1258,7612,0,0,0.797876107014354,1.5815647407838,1.18972042389908,468,422,2500000.00001485
1259,7612,0,0,0.797291455654591,1.58747340643645,1.19238243104552,248,422,2500000.00001485
1260,7612,0,0,0.798833204989955,1.58104840883314,1.18994080691155,68,422,2500000.00001485
1261,7608,0,0,0.797468525089747,1.58240084140011,1.18993468324493,272,422,2500000.00001485
1262,7612,0,0,0.796470569722952,1.58014185982287,1.18830621477291,428,422,2500000.00001485
1263,7612,0,0,0.799821213158811,1.57703974094087,1.18843047704984,660,422,2500000.00001485
1264,7608,0,0,0.795684521140765,1.58759737294521,1.19164094704299,488,422,2500000.00001485
1265,7608,0,0,0.801671453489846,1.58772789759256,1.1946996755412,728,422,2500000.00001485
1266,7608,0,0,0.799821656273916,1.57288405712943,1.18635285670167,124,422,2500000.00001485
1267,7612,0,0,0.79601041399413,1.58342785426193,1.18971913412803,172,422,2500000.00001485
1268,7608,0,0,0.801503722603491,1.586285241197,1.19389448190025,308,422,2500000.00001485
1269,7612,0,0,0.794828515938516,1.58573042411192,1.19027947002522,300,422,2500000.00001485
1270,7608,0,0,0.79999002205965,1.58160880788381,1.19079941497173,212,422,2500000.00001485
1271,7608,0,0,0.796021202232797,1.59310499506239,1.19456309864759,792,422,2500000.00001485
1272,7612,0,0,0.800994373671724,1.58032826640373,1.19066132003773,432,422,2500000.00001485
1273,7608,0,0,0.796446866300409,1.59386307789965,1.19515497210003,252,422,2500000.00001485
1274,7612,0,0,0.800119071398605,1.58433733194379,1.1922282016712,520,422,2500000.00001485
1275,7612,0,0,0.801737140676898,1.57911120291616,1.19042417179653,988,422,2500000.00001485
1276,7608,0,0,0.802380795842186,1.58504789476715,1.19371434530467,784,422,2500000.00001485
1277,7608,0,0,0.801156569356216,1.58190650799634,1.19153153867628,224,422,2500000.00001485
1278,7612,0,0,0.801418958740063,1.58529964932996,1.19335930403501,932,422,2500000.00001485
1279,7608,0,0,0.798790147513375,1.58704916382313,1.19291965566825,868,422,2500000.00001485
1280,7612,0,0,0.797460802887041,1.57956384358773,1.18851232323739,376,422,2500000.00001485
1281,7608,0,0,0.791527405794804,1.58704916382313,1.18928828480897,692,422,2500000.00001485
1282,7612,0,0,0.801923331796767,1.58121102815966,1.19156717997821,664,422,2500000.00001485
1283,7612,0,0,0.798722137662064,1.5880496198708,1.19338587876643,296,422,2500000.00001485
1284,7608,0,0,0.804352217545392,1.58652535373115,1.19543878563827,840,422,2500000.00001485
1285,7608,0,0,0.802646644464364,1.57785768210084,1.1902521632826,820,422,2500000.00001485
1286,7608,0,0,0.801575367792993,1.58494241100542,1.19325888939921,112,422,2500000.00001485
1287,7612,0,0,0.79725397441928,1.58259580862874,1.18992489152401,836,422,2500000.00001485
1288,7612,0,0,0.795262306404615,1.58092744703027,1.18809487671744,764,422,2500000.00001485
1289,7608,0,0,0.796193068099185,1.58024579239169,1.18821943024544,504,422,2500000.00001485
1290,7608,0,0,0.800570075594112,1.57279224013785,1.18668115786598,748,422,2500000.00001485
1291,7612,0,0,0.800267123616758,1.57870891893694,1.18948802127685,204,422,2500000.00001485
1292,7608,0,0,0.803182266269468,1.59071942687221,1.19695084657084,856,422,2500000.00001485
1293,7612,0,0,0.803427760456891,1.59051292838792,1.1969703444224,372,422,2500000.00001485
1294,7608,0,0,0.79779849538699,1.58550910839666,1.19165380189183,236,422,2500000.00001485
1295,7612,0,0,0.796784988525915,1.58503894462122,1.19091196657357,296,422,2500000.00001485
1296,7608,0,0,0.802407656666245,1.58984707300732,1.19612736483678,232,422,2500000.00001485
1297,7608,0,0,0.799597625958656,1.5958032676476,1.19770044680313,884,422,2500000.00001485
1298,7612,0,0,0.799398238871546,1.58850833538498,1.19395328712826,168,422,2500000.00001485
1299,7612,0,0,0.799821656273916,1.58560294155075,1.19271229891233,912,422,2500000.00001485
1300,7608,0,0,0.799895207422893,1.57578648980723,1.18784084861506,832,422,2500000.00001485
1301,7608,0,0,0.801831198127873,1.58152365383051,1.19167742597919,480,422,2500000.00001485
1302,7612,0,0,0.798304766296993,1.58155991289789,1.18993233959744,684,422,2500000.00001485
1303,7608,0,0,0.799316346132117,1.59424077791209,1.1967785620221,344,422,2500000.00001485
1304,7608,0,0,0.805477605850396,1.60048500864004,1.20298130724522,320,422,2500000.00001485
1305,7608,0,0,0.802590960914062,1.58335819502506,1.19297457796956,640,422,2500000.00001485
1306,7612,0,0,0.800156210436343,1.58126816415643,1.19071218729639,188,422,2500000.00001485
1307,7612,0,0,0.7950013794314,1.57155688304634,1.18327913123887,608,422,2500000.00001485
1308,7608,0,0,0.79965325503902,1.5792224801356,1.18943786758731,980,422,2500000.00001485
1309,7612,0,0,0.797913287393162,1.58132558132196,1.18961943435756,400,422,2500000.00001485
1310,7608,0,0,0.798923525153793,1.57542313926112,1.18717333220745,332,422,2500000.00001485
1311,7608,0,0,0.797879642237336,1.58283672359806,1.1903581829177,288,422,2500000.00001485
1312,7612,0,0,0.802175561550123,1.59289283505709,1.19753419830361,720,422,2500000.00001485
1313,7612,0,0,0.800494906945542,1.58551455911015,1.19300473302784,156,422,2500000.00001485
1314,7612,0,0,0.799241300055384,1.58628123333375,1.19276126669457,884,422,2500000.00001485
1315,380,0,0,0.795092939496848,1.59237854237085,1.19373574093385,644,422,2500000.00001485
